detector0 (E),detector0 (H),detector1 (E),detector1 (H),detector2 (E),detector2 (H),detector3 (E),detector3 (H),detector4 (E),detector4 (H),detector5 (E),detector5 (H),detector6 (E),detector6 (H),detector7 (E),detector7 (H),detector8 (E),detector8 (H)
[[0. 0. 0.]],[[0. 0. 0.]],[[0. 0. 0.]],[[0. 0. 0.]],[[0. 0. 0.]],[[0. 0. 0.]],[[0. 0. 0.]],[[0. 0. 0.]],[[0. 0. 0.]],[[0. 0. 0.]],[[0. 0. 0.]],[[0. 0. 0.]],[[0. 0. 0.]],[[0. 0. 0.]],[[0. 0. 0.]],[[0. 0. 0.]],[[0. 0. 0.]],[[0. 0. 0.]]
[[0. 0. 0.]],[[0. 0. 0.]],[[0. 0. 0.]],[[0. 0. 0.]],[[0. 0. 0.]],[[0. 0. 0.]],[[0. 0. 0.]],[[0. 0. 0.]],[[0. 0. 0.]],[[0. 0. 0.]],[[0. 0. 0.]],[[0. 0. 0.]],[[0. 0. 0.]],[[0. 0. 0.]],[[0. 0. 0.]],[[0. 0. 0.]],[[0. 0. 0.]],[[0. 0. 0.]]
[[0. 0. 0.]],[[0. 0. 0.]],[[0. 0. 0.]],[[0. 0. 0.]],[[0. 0. 0.]],[[0. 0. 0.]],[[0. 0. 0.]],[[0. 0. 0.]],[[0. 0. 0.]],[[0. 0. 0.]],[[0. 0. 0.]],[[0. 0. 0.]],[[0. 0. 0.]],[[0. 0. 0.]],[[0. 0. 0.]],[[0. 0. 0.]],[[0. 0. 0.]],[[0. 0. 0.]]
[[0. 0. 0.]],[[0. 0. 0.]],[[0. 0. 0.]],[[0. 0. 0.]],[[0. 0. 0.]],[[0. 0. 0.]],[[0. 0. 0.]],[[0. 0. 0.]],[[0. 0. 0.]],[[0. 0. 0.]],[[0. 0. 0.]],[[0. 0. 0.]],[[0. 0. 0.]],[[0. 0. 0.]],[[0. 0. 0.]],[[0. 0. 0.]],[[0. 0. 0.]],[[0. 0. 0.]]
[[0. 0. 0.]],[[0. 0. 0.]],[[0. 0. 0.]],[[0. 0. 0.]],[[0. 0. 0.]],[[0. 0. 0.]],[[0. 0. 0.]],[[0. 0. 0.]],[[0. 0. 0.]],[[0. 0. 0.]],[[0. 0. 0.]],[[0. 0. 0.]],[[0. 0. 0.]],[[0. 0. 0.]],[[0. 0. 0.]],[[0. 0. 0.]],[[0. 0. 0.]],[[0. 0. 0.]]
[[0. 0. 0.]],[[0. 0. 0.]],[[0. 0. 0.]],[[0. 0. 0.]],[[0. 0. 0.]],[[0. 0. 0.]],[[0. 0. 0.]],[[0. 0. 0.]],[[0. 0. 0.]],[[0. 0. 0.]],[[0. 0. 0.]],[[0. 0. 0.]],[[0. 0. 0.]],[[0. 0. 0.]],[[0. 0. 0.]],[[0. 0. 0.]],[[0. 0. 0.]],[[0. 0. 0.]]
[[0. 0. 0.]],[[0. 0. 0.]],[[0. 0. 0.]],[[0. 0. 0.]],[[0. 0. 0.]],[[0. 0. 0.]],[[0. 0. 0.]],[[0. 0. 0.]],[[0. 0. 0.]],[[0. 0. 0.]],[[0. 0. 0.]],[[0. 0. 0.]],[[0. 0. 0.]],[[0. 0. 0.]],[[0. 0. 0.]],[[0. 0. 0.]],[[0. 0. 0.]],[[0. 0. 0.]]
[[0. 0. 0.]],[[0. 0. 0.]],[[0. 0. 0.]],[[0. 0. 0.]],[[0. 0. 0.]],[[0. 0. 0.]],[[0. 0. 0.]],[[0. 0. 0.]],[[0. 0. 0.]],[[0. 0. 0.]],[[0. 0. 0.]],[[0. 0. 0.]],[[0. 0. 0.]],[[0. 0. 0.]],[[0. 0. 0.]],[[0. 0. 0.]],[[0. 0. 0.]],[[0. 0. 0.]]
[[0. 0. 0.]],[[0. 0. 0.]],[[0. 0. 0.]],[[0. 0. 0.]],[[0. 0. 0.]],[[0. 0. 0.]],[[0. 0. 0.]],[[0. 0. 0.]],[[0. 0. 0.]],[[0. 0. 0.]],[[0. 0. 0.]],[[0. 0. 0.]],[[0. 0. 0.]],[[0. 0. 0.]],[[0. 0. 0.]],[[0. 0. 0.]],[[0. 0. 0.]],[[0. 0. 0.]]
[[0. 0. 0.]],[[0. 0. 0.]],[[0. 0. 0.]],[[0. 0. 0.]],[[0. 0. 0.]],[[0. 0. 0.]],[[0. 0. 0.]],[[0. 0. 0.]],[[0. 0. 0.]],[[0. 0. 0.]],[[0. 0. 0.]],[[0. 0. 0.]],[[0. 0. 0.]],[[0. 0. 0.]],[[0. 0. 0.]],[[0. 0. 0.]],[[0. 0. 0.]],[[0. 0. 0.]]
[[0. 0. 0.]],[[0. 0. 0.]],[[0. 0. 0.]],[[0. 0. 0.]],[[0. 0. 0.]],[[0. 0. 0.]],[[0. 0. 0.]],[[0. 0. 0.]],[[0. 0. 0.]],[[0. 0. 0.]],[[0. 0. 0.]],[[0. 0. 0.]],[[0. 0. 0.]],[[0. 0. 0.]],[[0. 0. 0.]],[[0. 0. 0.]],[[0. 0. 0.]],[[0. 0. 0.]]
[[0. 0. 0.]],[[0. 0. 0.]],[[0. 0. 0.]],[[0. 0. 0.]],[[0. 0. 0.]],[[0. 0. 0.]],[[0. 0. 0.]],[[0. 0. 0.]],[[0. 0. 0.]],[[0. 0. 0.]],[[0. 0. 0.]],[[0. 0. 0.]],[[0. 0. 0.]],[[0. 0. 0.]],[[0. 0. 0.]],[[0. 0. 0.]],[[0. 0. 0.]],[[0. 0. 0.]]
[[0. 0. 0.]],[[0. 0. 0.]],[[0. 0. 0.]],[[0. 0. 0.]],[[0. 0. 0.]],[[0. 0. 0.]],[[0. 0. 0.]],[[0. 0. 0.]],[[0. 0. 0.]],[[0. 0. 0.]],[[0. 0. 0.]],[[0. 0. 0.]],[[0. 0. 0.]],[[0. 0. 0.]],[[0. 0. 0.]],[[0. 0. 0.]],[[0. 0. 0.]],[[0. 0. 0.]]
[[0. 0. 0.]],[[0. 0. 0.]],[[0. 0. 0.]],[[0. 0. 0.]],[[0. 0. 0.]],[[0. 0. 0.]],[[0. 0. 0.]],[[0. 0. 0.]],[[0. 0. 0.]],[[0. 0. 0.]],[[0. 0. 0.]],[[0. 0. 0.]],[[0. 0. 0.]],[[0. 0. 0.]],[[0. 0. 0.]],[[0. 0. 0.]],[[0. 0. 0.]],[[0. 0. 0.]]
[[0. 0. 0.]],[[0. 0. 0.]],[[0. 0. 0.]],[[0. 0. 0.]],[[0. 0. 0.]],[[0. 0. 0.]],[[0. 0. 0.]],[[0. 0. 0.]],[[0. 0. 0.]],[[0. 0. 0.]],[[0. 0. 0.]],[[0. 0. 0.]],[[0. 0. 0.]],[[0. 0. 0.]],[[0. 0. 0.]],[[0. 0. 0.]],[[0. 0. 0.]],[[0. 0. 0.]]
[[0. 0. 0.]],[[0. 0. 0.]],[[0. 0. 0.]],[[0. 0. 0.]],[[0. 0. 0.]],[[0. 0. 0.]],[[0. 0. 0.]],[[0. 0. 0.]],[[0. 0. 0.]],[[0. 0. 0.]],[[0. 0. 0.]],[[0. 0. 0.]],[[0. 0. 0.]],[[0. 0. 0.]],[[0. 0. 0.]],[[0. 0. 0.]],[[0. 0. 0.]],[[0. 0. 0.]]
[[0. 0. 0.]],[[0. 0. 0.]],[[0. 0. 0.]],[[0. 0. 0.]],[[0. 0. 0.]],[[0. 0. 0.]],[[0. 0. 0.]],[[0. 0. 0.]],[[0. 0. 0.]],[[0. 0. 0.]],[[0. 0. 0.]],[[0. 0. 0.]],[[0. 0. 0.]],[[0. 0. 0.]],[[0. 0. 0.]],[[0. 0. 0.]],[[0. 0. 0.]],[[0. 0. 0.]]
[[0. 0. 0.]],[[0. 0. 0.]],[[0. 0. 0.]],[[0. 0. 0.]],[[0. 0. 0.]],[[0. 0. 0.]],[[0. 0. 0.]],[[0. 0. 0.]],[[0. 0. 0.]],[[0. 0. 0.]],[[0. 0. 0.]],[[0. 0. 0.]],[[0. 0. 0.]],[[0. 0. 0.]],[[0. 0. 0.]],[[0. 0. 0.]],[[0. 0. 0.]],[[0. 0. 0.]]
[[0. 0. 0.]],[[0. 0. 0.]],[[0. 0. 0.]],[[0. 0. 0.]],[[0. 0. 0.]],[[0. 0. 0.]],[[0. 0. 0.]],[[0. 0. 0.]],[[0. 0. 0.]],[[0. 0. 0.]],[[0. 0. 0.]],[[0. 0. 0.]],[[0. 0. 0.]],[[0. 0. 0.]],[[0. 0. 0.]],[[0. 0. 0.]],[[0. 0. 0.]],[[0. 0. 0.]]
[[0. 0. 0.]],[[0. 0. 0.]],[[0. 0. 0.]],[[0. 0. 0.]],[[0. 0. 0.]],[[0. 0. 0.]],[[0. 0. 0.]],[[0. 0. 0.]],[[0. 0. 0.]],[[0. 0. 0.]],[[0. 0. 0.]],[[0. 0. 0.]],[[0. 0. 0.]],[[0. 0. 0.]],[[0. 0. 0.]],[[0. 0. 0.]],[[0. 0. 0.]],[[0. 0. 0.]]
[[0. 0. 0.]],[[0. 0. 0.]],[[0. 0. 0.]],[[0. 0. 0.]],[[0. 0. 0.]],[[0. 0. 0.]],[[0. 0. 0.]],[[0. 0. 0.]],[[0. 0. 0.]],[[0. 0. 0.]],[[0. 0. 0.]],[[0. 0. 0.]],[[0. 0. 0.]],[[0. 0. 0.]],[[0. 0. 0.]],[[0. 0. 0.]],[[0. 0. 0.]],[[0. 0. 0.]]
[[0. 0. 0.]],[[0. 0. 0.]],[[0. 0. 0.]],[[0. 0. 0.]],[[0. 0. 0.]],[[0. 0. 0.]],[[0. 0. 0.]],[[0. 0. 0.]],[[0. 0. 0.]],[[0. 0. 0.]],[[0. 0. 0.]],[[0. 0. 0.]],[[0. 0. 0.]],[[0. 0. 0.]],[[0. 0. 0.]],[[0. 0. 0.]],[[0. 0. 0.]],[[0. 0. 0.]]
[[0. 0. 0.]],[[0. 0. 0.]],[[0. 0. 0.]],[[0. 0. 0.]],[[0. 0. 0.]],[[0. 0. 0.]],[[0. 0. 0.]],[[0. 0. 0.]],[[0. 0. 0.]],[[0. 0. 0.]],[[0. 0. 0.]],[[0. 0. 0.]],[[0. 0. 0.]],[[0. 0. 0.]],[[0. 0. 0.]],[[0. 0. 0.]],[[0. 0. 0.]],[[0. 0. 0.]]
[[0. 0. 0.]],[[0. 0. 0.]],[[0. 0. 0.]],[[0. 0. 0.]],[[0. 0. 0.]],[[0. 0. 0.]],[[0. 0. 0.]],[[0. 0. 0.]],[[0. 0. 0.]],[[0. 0. 0.]],[[0. 0. 0.]],[[0. 0. 0.]],[[0. 0. 0.]],[[0. 0. 0.]],[[0. 0. 0.]],[[0. 0. 0.]],[[0. 0. 0.]],[[0. 0. 0.]]
[[0. 0. 0.]],[[0. 0. 0.]],[[0. 0. 0.]],[[0. 0. 0.]],[[0. 0. 0.]],[[0. 0. 0.]],[[0. 0. 0.]],[[0. 0. 0.]],[[0. 0. 0.]],[[0. 0. 0.]],[[0. 0. 0.]],[[0. 0. 0.]],[[0. 0. 0.]],[[0. 0. 0.]],[[0. 0. 0.]],[[0. 0. 0.]],[[0. 0. 0.]],[[0. 0. 0.]]
[[0. 0. 0.]],[[0. 0. 0.]],[[0. 0. 0.]],[[0. 0. 0.]],[[0. 0. 0.]],[[0. 0. 0.]],[[0. 0. 0.]],[[0. 0. 0.]],[[0. 0. 0.]],[[0. 0. 0.]],[[0. 0. 0.]],[[0. 0. 0.]],[[0. 0. 0.]],[[0. 0. 0.]],[[0. 0. 0.]],[[0. 0. 0.]],[[0. 0. 0.]],[[0. 0. 0.]]
[[0. 0. 0.]],[[0. 0. 0.]],[[0. 0. 0.]],[[0. 0. 0.]],[[0. 0. 0.]],[[0. 0. 0.]],[[0. 0. 0.]],[[0. 0. 0.]],[[0. 0. 0.]],[[0. 0. 0.]],[[0. 0. 0.]],[[0. 0. 0.]],[[0. 0. 0.]],[[0. 0. 0.]],[[0. 0. 0.]],[[0. 0. 0.]],[[0. 0. 0.]],[[0. 0. 0.]]
[[0. 0. 0.]],[[0. 0. 0.]],[[0. 0. 0.]],[[0. 0. 0.]],[[0. 0. 0.]],[[0. 0. 0.]],[[0. 0. 0.]],[[0. 0. 0.]],[[0. 0. 0.]],[[0. 0. 0.]],[[0. 0. 0.]],[[0. 0. 0.]],[[0. 0. 0.]],[[0. 0. 0.]],[[0. 0. 0.]],[[0. 0. 0.]],[[0. 0. 0.]],[[0. 0. 0.]]
[[0. 0. 0.]],[[0. 0. 0.]],[[0. 0. 0.]],[[0. 0. 0.]],[[0. 0. 0.]],[[0. 0. 0.]],[[0. 0. 0.]],[[0. 0. 0.]],[[0. 0. 0.]],[[0. 0. 0.]],[[0. 0. 0.]],[[0. 0. 0.]],[[0. 0. 0.]],[[0. 0. 0.]],[[0. 0. 0.]],[[0. 0. 0.]],[[0. 0. 0.]],[[0. 0. 0.]]
[[0. 0. 0.]],[[0. 0. 0.]],[[0. 0. 0.]],[[0. 0. 0.]],[[0. 0. 0.]],[[0. 0. 0.]],[[0. 0. 0.]],[[0. 0. 0.]],[[0. 0. 0.]],[[0. 0. 0.]],[[0. 0. 0.]],[[0. 0. 0.]],[[0. 0. 0.]],[[0. 0. 0.]],[[0. 0. 0.]],[[0. 0. 0.]],[[0. 0. 0.]],[[0. 0. 0.]]
[[0. 0. 0.]],[[0. 0. 0.]],[[0. 0. 0.]],[[0. 0. 0.]],[[0. 0. 0.]],[[0. 0. 0.]],[[0. 0. 0.]],[[0. 0. 0.]],[[0. 0. 0.]],[[0. 0. 0.]],[[0. 0. 0.]],[[0. 0. 0.]],[[0. 0. 0.]],[[0. 0. 0.]],[[0. 0. 0.]],[[0. 0. 0.]],[[0. 0. 0.]],[[0. 0. 0.]]
[[0. 0. 0.]],[[0. 0. 0.]],[[0. 0. 0.]],[[0. 0. 0.]],[[0. 0. 0.]],[[0. 0. 0.]],[[0. 0. 0.]],[[0. 0. 0.]],[[0. 0. 0.]],[[0. 0. 0.]],[[0. 0. 0.]],[[0. 0. 0.]],[[0. 0. 0.]],[[0. 0. 0.]],[[0. 0. 0.]],[[0. 0. 0.]],[[0. 0. 0.]],[[0. 0. 0.]]
[[0. 0. 0.]],[[0. 0. 0.]],[[0. 0. 0.]],[[0. 0. 0.]],[[0. 0. 0.]],[[0. 0. 0.]],[[0. 0. 0.]],[[0. 0. 0.]],[[0. 0. 0.]],[[0. 0. 0.]],[[0. 0. 0.]],[[0. 0. 0.]],[[0. 0. 0.]],[[0. 0. 0.]],[[0. 0. 0.]],[[0. 0. 0.]],[[0. 0. 0.]],[[0. 0. 0.]]
[[0. 0. 0.]],[[0. 0. 0.]],[[0. 0. 0.]],[[0. 0. 0.]],[[0. 0. 0.]],[[0. 0. 0.]],[[0. 0. 0.]],[[0. 0. 0.]],[[0. 0. 0.]],[[0. 0. 0.]],[[0. 0. 0.]],[[0. 0. 0.]],[[0. 0. 0.]],[[0. 0. 0.]],[[0. 0. 0.]],[[0. 0. 0.]],[[0. 0. 0.]],[[0. 0. 0.]]
[[0. 0. 0.]],[[0. 0. 0.]],[[0. 0. 0.]],[[0. 0. 0.]],[[0. 0. 0.]],[[0. 0. 0.]],[[0. 0. 0.]],[[0. 0. 0.]],[[0. 0. 0.]],[[0. 0. 0.]],[[0. 0. 0.]],[[0. 0. 0.]],[[0. 0. 0.]],[[0. 0. 0.]],[[0. 0. 0.]],[[0. 0. 0.]],[[0. 0. 0.]],[[0. 0. 0.]]
[[0. 0. 0.]],[[0. 0. 0.]],[[0. 0. 0.]],[[0. 0. 0.]],[[0. 0. 0.]],[[0. 0. 0.]],[[0. 0. 0.]],[[0. 0. 0.]],[[0. 0. 0.]],[[0. 0. 0.]],[[0. 0. 0.]],[[0. 0. 0.]],[[0. 0. 0.]],[[0. 0. 0.]],[[0. 0. 0.]],[[0. 0. 0.]],[[0. 0. 0.]],[[0. 0. 0.]]
[[0. 0. 0.]],[[0. 0. 0.]],[[0. 0. 0.]],[[0. 0. 0.]],[[0. 0. 0.]],[[0. 0. 0.]],[[0. 0. 0.]],[[0. 0. 0.]],[[0. 0. 0.]],[[0. 0. 0.]],[[0. 0. 0.]],[[0. 0. 0.]],[[0. 0. 0.]],[[0. 0. 0.]],[[0. 0. 0.]],[[0. 0. 0.]],[[0. 0. 0.]],[[0. 0. 0.]]
[[0. 0. 0.]],[[0. 0. 0.]],[[0. 0. 0.]],[[0. 0. 0.]],[[0. 0. 0.]],[[0. 0. 0.]],[[0. 0. 0.]],[[0. 0. 0.]],[[0. 0. 0.]],[[0. 0. 0.]],[[0. 0. 0.]],[[0. 0. 0.]],[[0. 0. 0.]],[[0. 0. 0.]],[[0. 0. 0.]],[[0. 0. 0.]],[[0. 0. 0.]],[[0. 0. 0.]]
[[0. 0. 0.]],[[0. 0. 0.]],[[0. 0. 0.]],[[0. 0. 0.]],[[0. 0. 0.]],[[0. 0. 0.]],[[0. 0. 0.]],[[0. 0. 0.]],[[0. 0. 0.]],[[0. 0. 0.]],[[0. 0. 0.]],[[0. 0. 0.]],[[0. 0. 0.]],[[0. 0. 0.]],[[0. 0. 0.]],[[0. 0. 0.]],[[0. 0. 0.]],[[0. 0. 0.]]
[[0. 0. 0.]],[[0. 0. 0.]],[[0. 0. 0.]],[[0. 0. 0.]],[[0. 0. 0.]],[[0. 0. 0.]],[[0. 0. 0.]],[[0. 0. 0.]],[[0. 0. 0.]],[[0. 0. 0.]],[[0. 0. 0.]],[[0. 0. 0.]],[[0. 0. 0.]],[[0. 0. 0.]],[[0. 0. 0.]],[[0. 0. 0.]],[[0. 0. 0.]],[[0. 0. 0.]]
[[0. 0. 0.]],[[0. 0. 0.]],[[0. 0. 0.]],[[0. 0. 0.]],[[0. 0. 0.]],[[0. 0. 0.]],[[0. 0. 0.]],[[0. 0. 0.]],[[0. 0. 0.]],[[0. 0. 0.]],[[0. 0. 0.]],[[0. 0. 0.]],[[0. 0. 0.]],[[0. 0. 0.]],[[0. 0. 0.]],[[0. 0. 0.]],[[0. 0. 0.]],[[0. 0. 0.]]
[[0. 0. 0.]],[[0. 0. 0.]],[[0. 0. 0.]],[[0. 0. 0.]],[[0. 0. 0.]],[[0. 0. 0.]],[[0. 0. 0.]],[[0. 0. 0.]],[[0. 0. 0.]],[[0. 0. 0.]],[[0. 0. 0.]],[[0. 0. 0.]],[[0. 0. 0.]],[[0. 0. 0.]],[[0. 0. 0.]],[[0. 0. 0.]],[[0. 0. 0.]],[[0. 0. 0.]]
[[0. 0. 0.]],[[0. 0. 0.]],[[0. 0. 0.]],[[0. 0. 0.]],[[0. 0. 0.]],[[0. 0. 0.]],[[0. 0. 0.]],[[0. 0. 0.]],[[0. 0. 0.]],[[0. 0. 0.]],[[0. 0. 0.]],[[0. 0. 0.]],[[0. 0. 0.]],[[0. 0. 0.]],[[0. 0. 0.]],[[0. 0. 0.]],[[0. 0. 0.]],[[0. 0. 0.]]
[[0. 0. 0.]],[[0. 0. 0.]],[[0. 0. 0.]],[[0. 0. 0.]],[[0. 0. 0.]],[[0. 0. 0.]],[[0. 0. 0.]],[[0. 0. 0.]],[[0. 0. 0.]],[[0. 0. 0.]],[[0. 0. 0.]],[[0. 0. 0.]],[[0. 0. 0.]],[[0. 0. 0.]],[[0. 0. 0.]],[[0. 0. 0.]],[[0. 0. 0.]],[[0. 0. 0.]]
[[0. 0. 0.]],[[0. 0. 0.]],[[0. 0. 0.]],[[0. 0. 0.]],[[0. 0. 0.]],[[0. 0. 0.]],[[0. 0. 0.]],[[0. 0. 0.]],[[0. 0. 0.]],[[0. 0. 0.]],[[0. 0. 0.]],[[0. 0. 0.]],[[0. 0. 0.]],[[0. 0. 0.]],[[0. 0. 0.]],[[0. 0. 0.]],[[0. 0. 0.]],[[0. 0. 0.]]
[[0. 0. 0.]],[[0. 0. 0.]],[[0. 0. 0.]],[[0. 0. 0.]],[[0. 0. 0.]],[[0. 0. 0.]],[[0. 0. 0.]],[[0. 0. 0.]],[[0. 0. 0.]],[[0. 0. 0.]],[[0. 0. 0.]],[[0. 0. 0.]],[[0. 0. 0.]],[[0. 0. 0.]],[[0. 0. 0.]],[[0. 0. 0.]],[[0. 0. 0.]],[[0. 0. 0.]]
[[0. 0. 0.]],[[0. 0. 0.]],[[0. 0. 0.]],[[0. 0. 0.]],[[0. 0. 0.]],[[0. 0. 0.]],[[0. 0. 0.]],[[0. 0. 0.]],[[0. 0. 0.]],[[0. 0. 0.]],[[0. 0. 0.]],[[0. 0. 0.]],[[0. 0. 0.]],[[0. 0. 0.]],[[0. 0. 0.]],[[0. 0. 0.]],[[0. 0. 0.]],[[0. 0. 0.]]
[[0. 0. 0.]],[[0. 0. 0.]],[[0. 0. 0.]],[[0. 0. 0.]],[[0. 0. 0.]],[[0. 0. 0.]],[[0. 0. 0.]],[[0. 0. 0.]],[[0. 0. 0.]],[[0. 0. 0.]],[[0. 0. 0.]],[[0. 0. 0.]],[[0. 0. 0.]],[[0. 0. 0.]],[[0. 0. 0.]],[[0. 0. 0.]],[[0. 0. 0.]],[[0. 0. 0.]]
[[0. 0. 0.]],[[0. 0. 0.]],[[0. 0. 0.]],[[0. 0. 0.]],[[0. 0. 0.]],[[0. 0. 0.]],[[0. 0. 0.]],[[0. 0. 0.]],[[0. 0. 0.]],[[0. 0. 0.]],[[0. 0. 0.]],[[0. 0. 0.]],[[0. 0. 0.]],[[0. 0. 0.]],[[0. 0. 0.]],[[0. 0. 0.]],[[0. 0. 0.]],[[0. 0. 0.]]
[[0. 0. 0.]],[[0. 0. 0.]],[[0. 0. 0.]],[[0. 0. 0.]],[[0. 0. 0.]],[[0. 0. 0.]],[[0. 0. 0.]],[[0. 0. 0.]],[[0. 0. 0.]],[[0. 0. 0.]],[[0. 0. 0.]],[[0. 0. 0.]],[[0. 0. 0.]],[[0. 0. 0.]],[[0. 0. 0.]],[[0. 0. 0.]],[[0. 0. 0.]],[[0. 0. 0.]]
[[0. 0. 0.]],[[0. 0. 0.]],[[0. 0. 0.]],[[0. 0. 0.]],[[0. 0. 0.]],[[0. 0. 0.]],[[0. 0. 0.]],[[0. 0. 0.]],[[0. 0. 0.]],[[0. 0. 0.]],[[0. 0. 0.]],[[0. 0. 0.]],[[0. 0. 0.]],[[0. 0. 0.]],[[0. 0. 0.]],[[0. 0. 0.]],[[0. 0. 0.]],[[0. 0. 0.]]
[[0. 0. 0.]],[[0. 0. 0.]],[[0. 0. 0.]],[[0. 0. 0.]],[[0. 0. 0.]],[[0. 0. 0.]],[[0. 0. 0.]],[[0. 0. 0.]],[[0. 0. 0.]],[[0. 0. 0.]],[[0. 0. 0.]],[[0. 0. 0.]],[[0. 0. 0.]],[[0. 0. 0.]],[[0. 0. 0.]],[[0. 0. 0.]],[[0. 0. 0.]],[[0. 0. 0.]]
[[0. 0. 0.]],[[0. 0. 0.]],[[0. 0. 0.]],[[0. 0. 0.]],[[0. 0. 0.]],[[0. 0. 0.]],[[0. 0. 0.]],[[0. 0. 0.]],[[0. 0. 0.]],[[0. 0. 0.]],[[0. 0. 0.]],[[0. 0. 0.]],[[0. 0. 0.]],[[0. 0. 0.]],[[0. 0. 0.]],[[0. 0. 0.]],[[0. 0. 0.]],[[0. 0. 0.]]
[[0. 0. 0.]],[[0. 0. 0.]],[[0. 0. 0.]],[[0. 0. 0.]],[[0. 0. 0.]],[[0. 0. 0.]],[[0. 0. 0.]],[[0. 0. 0.]],[[0. 0. 0.]],[[0. 0. 0.]],[[0. 0. 0.]],[[0. 0. 0.]],[[0. 0. 0.]],[[0. 0. 0.]],[[0. 0. 0.]],[[0. 0. 0.]],[[0. 0. 0.]],[[0. 0. 0.]]
[[0. 0. 0.]],[[0. 0. 0.]],[[0. 0. 0.]],[[0. 0. 0.]],[[0. 0. 0.]],[[0. 0. 0.]],[[0. 0. 0.]],[[0. 0. 0.]],[[0. 0. 0.]],[[0. 0. 0.]],[[0. 0. 0.]],[[0. 0. 0.]],[[0. 0. 0.]],[[0. 0. 0.]],[[0. 0. 0.]],[[0. 0. 0.]],[[0. 0. 0.]],[[0. 0. 0.]]
[[0. 0. 0.]],[[0. 0. 0.]],[[0. 0. 0.]],[[0. 0. 0.]],[[0. 0. 0.]],[[0. 0. 0.]],[[0. 0. 0.]],[[0. 0. 0.]],[[0. 0. 0.]],[[0. 0. 0.]],[[0. 0. 0.]],[[0. 0. 0.]],[[0. 0. 0.]],[[0. 0. 0.]],[[0. 0. 0.]],[[0. 0. 0.]],[[0. 0. 0.]],[[0. 0. 0.]]
[[0. 0. 0.]],[[0. 0. 0.]],[[0. 0. 0.]],[[0. 0. 0.]],[[0. 0. 0.]],[[0. 0. 0.]],[[0. 0. 0.]],[[0. 0. 0.]],[[0. 0. 0.]],[[0. 0. 0.]],[[0. 0. 0.]],[[0. 0. 0.]],[[0. 0. 0.]],[[0. 0. 0.]],[[0. 0. 0.]],[[0. 0. 0.]],[[0. 0. 0.]],[[0. 0. 0.]]
[[0. 0. 0.]],[[0. 0. 0.]],[[0. 0. 0.]],[[0. 0. 0.]],[[0. 0. 0.]],[[0. 0. 0.]],[[0. 0. 0.]],[[0. 0. 0.]],[[0. 0. 0.]],[[0. 0. 0.]],[[0. 0. 0.]],[[0. 0. 0.]],[[0. 0. 0.]],[[0. 0. 0.]],[[0. 0. 0.]],[[0. 0. 0.]],[[0. 0. 0.]],[[0. 0. 0.]]
[[0. 0. 0.]],[[0. 0. 0.]],[[0. 0. 0.]],[[0. 0. 0.]],[[0. 0. 0.]],[[0. 0. 0.]],[[0. 0. 0.]],[[0. 0. 0.]],[[0. 0. 0.]],[[0. 0. 0.]],[[0. 0. 0.]],[[0. 0. 0.]],[[0. 0. 0.]],[[0. 0. 0.]],[[0. 0. 0.]],[[0. 0. 0.]],[[0. 0. 0.]],[[0. 0. 0.]]
[[0. 0. 0.]],[[0. 0. 0.]],[[0. 0. 0.]],[[0. 0. 0.]],[[0. 0. 0.]],[[0. 0. 0.]],[[0. 0. 0.]],[[0. 0. 0.]],[[0. 0. 0.]],[[0. 0. 0.]],[[0. 0. 0.]],[[0. 0. 0.]],[[0. 0. 0.]],[[0. 0. 0.]],[[0. 0. 0.]],[[0. 0. 0.]],[[0. 0. 0.]],[[0. 0. 0.]]
[[0. 0. 0.]],[[0. 0. 0.]],[[0. 0. 0.]],[[0. 0. 0.]],[[0. 0. 0.]],[[0. 0. 0.]],[[0. 0. 0.]],[[-7.34687091e-18  0.00000000e+00  0.00000000e+00]],[[0.00000000e+00 0.00000000e+00 1.04949944e-17]],[[ 7.34687091e-18 -7.34687091e-18  0.00000000e+00]],[[0. 0. 0.]],[[0. 0. 0.]],[[0. 0. 0.]],[[0. 0. 0.]],[[0. 0. 0.]],[[0. 0. 0.]],[[0. 0. 0.]],[[0. 0. 0.]]
[[0. 0. 0.]],[[0. 0. 0.]],[[0. 0. 0.]],[[0. 0. 0.]],[[0. 0. 0.]],[[0. 0. 0.]],[[0.0000000e+00 0.0000000e+00 1.0286144e-16]],[[ 6.08044735e-18 -7.20066818e-17  0.00000000e+00]],[[0.00000000e+00 0.00000000e+00 8.36805358e-17]],[[-6.08044735e-18 -6.22017509e-17  0.00000000e+00]],[[0. 0. 0.]],[[0. 0. 0.]],[[0. 0. 0.]],[[0. 0. 0.]],[[0. 0. 0.]],[[0. 0. 0.]],[[0. 0. 0.]],[[0. 0. 0.]]
[[0. 0. 0.]],[[0. 0. 0.]],[[0. 0. 0.]],[[0. 0. 0.]],[[0. 0. 0.]],[[0. 0. 0.]],[[0.00000000e+00 0.00000000e+00 8.24246816e-16]],[[-1.42394246e-15 -6.11896832e-16  0.00000000e+00]],[[0.00000000e+00 0.00000000e+00 2.86703247e-15]],[[ 1.42394246e-15 -2.03938193e-15  0.00000000e+00]],[[0. 0. 0.]],[[0. 0. 0.]],[[0. 0. 0.]],[[0. 0. 0.]],[[0. 0. 0.]],[[0. 0. 0.]],[[0. 0. 0.]],[[0. 0. 0.]]
[[0. 0. 0.]],[[0. 0. 0.]],[[0. 0. 0.]],[[0. 0. 0.]],[[0. 0. 0.]],[[0. 0. 0.]],[[0.00000000e+00 0.00000000e+00 2.13009695e-14]],[[-1.50745826e-15 -1.52244737e-14  0.00000000e+00]],[[0.00000000e+00 0.00000000e+00 2.14202716e-14]],[[ 1.50745826e-15 -1.59821494e-14  0.00000000e+00]],[[0. 0. 0.]],[[0. 0. 0.]],[[0. 0. 0.]],[[0. 0. 0.]],[[0. 0. 0.]],[[0. 0. 0.]],[[0. 0. 0.]],[[0. 0. 0.]]
[[0. 0. 0.]],[[0. 0. 0.]],[[0. 0. 0.]],[[0. 0. 0.]],[[0. 0. 0.]],[[0. 0. 0.]],[[0.00000000e+00 0.00000000e+00 1.55777078e-13]],[[-1.00749102e-13 -1.16328725e-13  0.00000000e+00]],[[0.00000000e+00 0.00000000e+00 2.97543622e-13]],[[ 1.00749102e-13 -2.16359507e-13  0.00000000e+00]],[[0. 0. 0.]],[[0. 0. 0.]],[[0. 0. 0.]],[[0. 0. 0.]],[[0. 0. 0.]],[[0. 0. 0.]],[[0. 0. 0.]],[[0. 0. 0.]]
[[0. 0. 0.]],[[0. 0. 0.]],[[0. 0. 0.]],[[0. 0. 0.]],[[0. 0. 0.]],[[-7.53871169e-14  0.00000000e+00  0.00000000e+00]],[[0.00000000e+00 0.00000000e+00 1.77673821e-12]],[[-2.49535796e-13 -1.30157994e-12  0.00000000e+00]],[[0.00000000e+00 0.00000000e+00 1.98927978e-12]],[[ 2.49535796e-13 -1.49602291e-12  0.00000000e+00]],[[0.00000000e+00 0.00000000e+00 1.07690387e-13]],[[ 7.53871169e-14 -7.53871169e-14  0.00000000e+00]],[[0. 0. 0.]],[[0. 0. 0.]],[[0. 0. 0.]],[[0. 0. 0.]],[[0. 0. 0.]],[[0. 0. 0.]]
[[0. 0. 0.]],[[0. 0. 0.]],[[0. 0. 0.]],[[0. 0. 0.]],[[0.00000000e+00 0.00000000e+00 4.28786102e-13]],[[-3.91313390e-13 -3.00165585e-13  0.00000000e+00]],[[0.00000000e+00 0.00000000e+00 1.13712534e-11]],[[-3.77609087e-12 -8.57665571e-12  0.00000000e+00]],[[0.00000000e+00 0.00000000e+00 1.64089323e-11]],[[ 3.77609087e-12 -1.22209843e-11  0.00000000e+00]],[[0.00000000e+00 0.00000000e+00 8.80086324e-13]],[[ 3.91313390e-13 -6.50076825e-13  0.00000000e+00]],[[0. 0. 0.]],[[0. 0. 0.]],[[0. 0. 0.]],[[0. 0. 0.]],[[0. 0. 0.]],[[0. 0. 0.]]
[[0. 0. 0.]],[[0. 0. 0.]],[[0. 0. 0.]],[[0. 0. 0.]],[[0.0000000e+00 0.0000000e+00 3.5212669e-12]],[[-6.08303902e-12 -2.59779290e-12  0.00000000e+00]],[[0.00000000e+00 0.00000000e+00 8.12899337e-11]],[[-1.32843933e-11 -6.10517235e-11  0.00000000e+00]],[[0.00000000e+00 0.00000000e+00 9.48725299e-11]],[[ 1.32843933e-11 -7.21940100e-11  0.00000000e+00]],[[0.00000000e+00 0.00000000e+00 1.16518887e-11]],[[ 6.08303902e-12 -8.46681330e-12  0.00000000e+00]],[[0. 0. 0.]],[[0. 0. 0.]],[[0. 0. 0.]],[[0. 0. 0.]],[[0. 0. 0.]],[[0. 0. 0.]]
[[0. 0. 0.]],[[0. 0. 0.]],[[0. 0. 0.]],[[0. 0. 0.]],[[0.00000000e+00 0.00000000e+00 4.17143432e-11]],[[-3.12377376e-11 -3.04180637e-11  0.00000000e+00]],[[0.00000000e+00 0.00000000e+00 4.42837965e-10]],[[-8.99123199e-11 -3.38611535e-10  0.00000000e+00]],[[0.00000000e+00 0.00000000e+00 5.52300847e-10]],[[ 8.99123199e-11 -4.21121829e-10  0.00000000e+00]],[[0.00000000e+00 0.00000000e+00 7.76477936e-11]],[[ 3.12377376e-11 -5.81974463e-11  0.00000000e+00]],[[0. 0. 0.]],[[0. 0. 0.]],[[0. 0. 0.]],[[0. 0. 0.]],[[0. 0. 0.]],[[0. 0. 0.]]
[[0. 0. 0.]],[[0. 0. 0.]],[[0. 0. 0.]],[[0. 0. 0.]],[[0.00000000e+00 0.00000000e+00 2.71072742e-10]],[[-2.20426960e-10 -2.03369197e-10  0.00000000e+00]],[[0.00000000e+00 0.00000000e+00 2.31154498e-09]],[[-3.65501412e-10 -1.77763565e-09  0.00000000e+00]],[[0.00000000e+00 0.00000000e+00 2.70522359e-09]],[[ 3.65501412e-10 -2.09031182e-09  0.00000000e+00]],[[0.00000000e+00 0.00000000e+00 5.41329272e-10]],[[ 2.20426960e-10 -4.06016583e-10  0.00000000e+00]],[[0. 0. 0.]],[[0. 0. 0.]],[[0. 0. 0.]],[[0. 0. 0.]],[[0. 0. 0.]],[[0. 0. 0.]]
[[0. 0. 0.]],[[0. 0. 0.]],[[0. 0. 0.]],[[-3.02331064e-11  0.00000000e+00  0.00000000e+00]],[[0.00000000e+00 0.00000000e+00 1.73826625e-09]],[[-1.04094319e-09 -1.30982233e-09  0.00000000e+00]],[[0.0000000e+00 0.0000000e+00 1.0565648e-08]],[[-1.50886453e-09 -8.21771103e-09  0.00000000e+00]],[[0.00000000e+00 0.00000000e+00 1.21989405e-08]],[[ 1.50886453e-09 -9.51305945e-09  0.00000000e+00]],[[0.00000000e+00 0.00000000e+00 2.91037249e-09]],[[ 1.04094319e-09 -2.22104821e-09  0.00000000e+00]],[[0.00000000e+00 0.00000000e+00 4.31879486e-11]],[[ 3.02331064e-11 -3.02331064e-11  0.00000000e+00]],[[0. 0. 0.]],[[0. 0. 0.]],[[0. 0. 0.]],[[0. 0. 0.]]
[[0. 0. 0.]],[[0. 0. 0.]],[[0.00000000e+00 0.00000000e+00 1.13961369e-10]],[[-2.03548777e-10 -7.97770281e-11  0.00000000e+00]],[[0.00000000e+00 0.00000000e+00 8.94647982e-09]],[[-4.75514183e-09 -6.84773644e-09  0.00000000e+00]],[[0.00000000e+00 0.00000000e+00 4.35988686e-08]],[[-6.09052245e-09 -3.42945424e-08  0.00000000e+00]],[[0.00000000e+00 0.00000000e+00 5.01437603e-08]],[[ 6.09052245e-09 -3.94676443e-08  0.00000000e+00]],[[0.00000000e+00 0.00000000e+00 1.42522072e-08]],[[ 4.75514183e-09 -1.09856140e-08  0.00000000e+00]],[[0.00000000e+00 0.00000000e+00 3.61542553e-10]],[[ 2.03548777e-10 -2.65444747e-10  0.00000000e+00]],[[0. 0. 0.]],[[0. 0. 0.]],[[0. 0. 0.]],[[0. 0. 0.]]
[[0. 0. 0.]],[[0. 0. 0.]],[[0.0000000e+00 0.0000000e+00 9.5854912e-10]],[[-1.66984604e-09 -7.02938300e-10  0.00000000e+00]],[[0.00000000e+00 0.00000000e+00 4.09367504e-08]],[[-1.94647695e-08 -3.17166058e-08  0.00000000e+00]],[[0.00000000e+00 0.00000000e+00 1.66394395e-07]],[[-1.86761883e-08 -1.32037148e-07  0.00000000e+00]],[[0.00000e+00 0.00000e+00 1.84373e-07]],[[ 1.86761883e-08 -1.46986098e-07  0.00000000e+00]],[[0.00000000e+00 0.00000000e+00 6.19494322e-08]],[[ 1.94647695e-08 -4.82806043e-08  0.00000000e+00]],[[0.00000000e+00 0.00000000e+00 3.05315263e-09]],[[ 1.66984604e-09 -2.25235990e-09  0.00000000e+00]],[[0. 0. 0.]],[[0. 0. 0.]],[[0. 0. 0.]],[[0. 0. 0.]]
[[0. 0. 0.]],[[0. 0. 0.]],[[0.00000000e+00 0.00000000e+00 7.57787816e-09]],[[-8.82319151e-09 -5.60328237e-09  0.00000000e+00]],[[0.0000000e+00 0.0000000e+00 1.6856354e-07]],[[-6.73949176e-08 -1.31993759e-07  0.00000000e+00]],[[0.00000000e+00 0.00000000e+00 5.65913946e-07]],[[-6.65794159e-08 -4.55274212e-07  0.00000000e+00]],[[0.00000000e+00 0.00000000e+00 6.34343637e-07]],[[ 6.65794159e-08 -5.10079379e-07  0.00000000e+00]],[[0.00000000e+00 0.00000000e+00 2.37031687e-07]],[[ 6.73949176e-08 -1.87342442e-07  0.00000000e+00]],[[0.00000000e+00 0.00000000e+00 1.77964218e-08]],[[ 8.82319151e-09 -1.34072891e-08  0.00000000e+00]],[[0. 0. 0.]],[[0. 0. 0.]],[[0. 0. 0.]],[[0. 0. 0.]]
[[0. 0. 0.]],[[0. 0. 0.]],[[0.00000000e+00 0.00000000e+00 4.28993137e-08]],[[-4.05094975e-08 -3.23547191e-08  0.00000000e+00]],[[0.00000000e+00 0.00000000e+00 6.07070986e-07]],[[-2.29885653e-07 -4.82590517e-07  0.00000000e+00]],[[0.00000000e+00 0.00000000e+00 1.80282364e-06]],[[-1.70835735e-07 -1.46379077e-06  0.00000000e+00]],[[0.00000000e+00 0.00000000e+00 1.95175364e-06]],[[ 1.70835735e-07 -1.59188106e-06  0.00000000e+00]],[[0.00000000e+00 0.00000000e+00 8.39188765e-07]],[[ 2.29885653e-07 -6.69721713e-07  0.00000000e+00]],[[0.00000000e+00 0.00000000e+00 8.81631558e-08]],[[ 4.05094975e-08 -6.74239194e-08  0.00000000e+00]],[[0. 0. 0.]],[[0. 0. 0.]],[[0. 0. 0.]],[[0. 0. 0.]]
[[0. 0. 0.]],[[-2.22431686e-09  0.00000000e+00  0.00000000e+00]],[[0.00000000e+00 0.00000000e+00 2.01817989e-07]],[[-1.65749599e-07 -1.54797030e-07  0.00000000e+00]],[[0.00000000e+00 0.00000000e+00 2.02357243e-06]],[[-6.51582480e-07 -1.62531437e-06  0.00000000e+00]],[[0.0000000e+00 0.0000000e+00 5.1490355e-06]],[[-4.98225979e-07 -4.24240274e-06  0.00000000e+00]],[[0.00000000e+00 0.00000000e+00 5.61671199e-06]],[[ 4.98225979e-07 -4.62838108e-06  0.00000000e+00]],[[0.00000000e+00 0.00000000e+00 2.62596573e-06]],[[ 6.51582480e-07 -2.12800919e-06  0.00000000e+00]],[[0.00000000e+00 0.00000000e+00 3.80723292e-07]],[[ 1.65749599e-07 -2.94916271e-07  0.00000000e+00]],[[0.00000000e+00 0.00000000e+00 3.17743341e-09]],[[ 2.22431686e-09 -2.22431686e-09  0.00000000e+00]],[[0. 0. 0.]],[[0. 0. 0.]]
[[0.00000000e+00 0.00000000e+00 6.48792184e-09]],[[-1.67457715e-08 -4.54177699e-09  0.00000000e+00]],[[0.00000000e+00 0.00000000e+00 8.33834849e-07]],[[-5.58504193e-07 -6.47861919e-07  0.00000000e+00]],[[0.00000000e+00 0.00000000e+00 5.96640377e-06]],[[-1.81136537e-06 -4.86859973e-06  0.00000000e+00]],[[0.00000000e+00 0.00000000e+00 1.36784167e-05]],[[-1.12838384e-06 -1.14026337e-05  0.00000000e+00]],[[0.00000000e+00 0.00000000e+00 1.45785962e-05]],[[ 1.12838384e-06 -1.21942557e-05  0.00000000e+00]],[[0.00000000e+00 0.00000000e+00 7.62315194e-06]],[[ 1.81136537e-06 -6.24793553e-06  0.00000000e+00]],[[0.00000000e+00 0.00000000e+00 1.39488422e-06]],[[ 5.58504193e-07 -1.09959622e-06  0.00000000e+00]],[[0.00000000e+00 0.00000000e+00 2.72317987e-08]],[[ 1.67457715e-08 -1.98780315e-08  0.00000000e+00]],[[0. 0. 0.]],[[0. 0. 0.]]
[[0.00000000e+00 0.00000000e+00 5.58621483e-08]],[[-9.91839603e-08 -4.07308442e-08  0.00000000e+00]],[[0.00000000e+00 0.00000000e+00 2.91142162e-06]],[[-1.77523392e-06 -2.30382521e-06  0.00000000e+00]],[[0.00000000e+00 0.00000000e+00 1.62226935e-05]],[[-4.32311657e-06 -1.34070258e-05  0.00000000e+00]],[[0.00000000e+00 0.00000000e+00 3.28504992e-05]],[[-2.58434257e-06 -2.78151372e-05  0.00000000e+00]],[[0.00000000e+00 0.00000000e+00 3.49303342e-05]],[[ 2.58434257e-06 -2.96202670e-05  0.00000000e+00]],[[0.00000000e+00 0.00000000e+00 1.98107264e-05]],[[ 4.32311657e-06 -1.64967607e-05  0.00000000e+00]],[[0.00000000e+00 0.00000000e+00 4.64951826e-06]],[[ 1.77523392e-06 -3.71069451e-06  0.00000000e+00]],[[0.00000000e+00 0.00000000e+00 1.73624981e-07]],[[ 9.91839603e-08 -1.29285530e-07  0.00000000e+00]],[[0. 0. 0.]],[[0. 0. 0.]]
[[0.00000000e+00 0.00000000e+00 3.40835857e-07]],[[-4.67998100e-07 -2.54101054e-07  0.00000000e+00]],[[0.0000000e+00 0.0000000e+00 9.2103218e-06]],[[-4.77484375e-06 -7.38624865e-06  0.00000000e+00]],[[0.00000000e+00 0.00000000e+00 3.95290592e-05]],[[-9.64721687e-06 -3.32140080e-05  0.00000000e+00]],[[0.00000000e+00 0.00000000e+00 7.21294902e-05]],[[-5.14813233e-06 -6.20596173e-05  0.00000000e+00]],[[0.00000000e+00 0.00000000e+00 7.57918601e-05]],[[ 5.14813233e-06 -6.53551972e-05  0.00000000e+00]],[[0.00000000e+00 0.00000000e+00 4.71345288e-05]],[[ 9.64721687e-06 -3.98418950e-05  0.00000000e+00]],[[0.00000000e+00 0.00000000e+00 1.34952601e-05]],[[ 4.77484375e-06 -1.09616245e-05  0.00000000e+00]],[[0.0000000e+00 0.0000000e+00 8.6768632e-07]],[[ 4.67998100e-07 -6.57436365e-07  0.00000000e+00]],[[0. 0. 0.]],[[0. 0. 0.]]
[[0.00000000e+00 0.00000000e+00 1.64792698e-06]],[[-1.70715062e-06 -1.25010252e-06  0.00000000e+00]],[[0.00000000e+00 0.00000000e+00 2.53930469e-05]],[[-1.18545187e-05 -2.07367932e-05  0.00000000e+00]],[[0.0000000e+00 0.0000000e+00 8.7330951e-05]],[[-1.91635299e-05 -7.46514332e-05  0.00000000e+00]],[[0.         0.         0.00014285]],[[-8.98834348e-06 -1.25241616e-04  0.00000000e+00]],[[0.         0.         0.00014834]],[[ 8.98834348e-06 -1.30440407e-04  0.00000000e+00]],[[0.         0.         0.00010092]],[[ 1.91635299e-05 -8.68481374e-05  0.00000000e+00]],[[0.00000000e+00 0.00000000e+00 3.55063522e-05]],[[ 1.18545187e-05 -2.92841710e-05  0.00000000e+00]],[[0.00000000e+00 0.00000000e+00 3.41805456e-06]],[[ 1.70715062e-06 -2.64687935e-06  0.00000000e+00]],[[0. 0. 0.]],[[0. 0. 0.]]
[[0.00000000e+00 0.00000000e+00 6.24048694e-06]],[[-5.60427278e-06 -4.84204172e-06  0.00000000e+00]],[[0.00000000e+00 0.00000000e+00 6.29169163e-05]],[[-2.58084686e-05 -5.22625208e-05  0.00000000e+00]],[[0.         0.         0.00017277]],[[-3.32833193e-05 -1.50659479e-04  0.00000000e+00]],[[0.         0.         0.00025059]],[[-1.46313396e-05 -2.25121114e-04  0.00000000e+00]],[[0.         0.         0.00025865]],[[ 1.46313396e-05 -2.32797498e-04  0.00000000e+00]],[[0.         0.         0.00019294]],[[ 3.32833193e-05 -1.69642537e-04  0.00000000e+00]],[[0.00000000e+00 0.00000000e+00 8.28501134e-05]],[[ 2.58084686e-05 -6.96077568e-05  0.00000000e+00]],[[0.00000000e+00 0.00000000e+00 1.18075203e-05]],[[ 5.60427278e-06 -9.28721570e-06  0.00000000e+00]],[[0.00000000e+00 0.00000000e+00 7.68542029e-08]],[[ 5.38006868e-08 -5.38006868e-08  0.00000000e+00]]
[[0.00000000e+00 0.00000000e+00 2.05991705e-05]],[[-1.52495300e-05 -1.62529004e-05  0.00000000e+00]],[[0.         0.         0.00013794]],[[-4.94728673e-05 -1.16870860e-04  0.00000000e+00]],[[0.        0.        0.0002996]],[[-5.09786992e-05 -2.68226465e-04  0.00000000e+00]],[[0.         0.         0.00038104]],[[-1.75756448e-05 -3.53322737e-04  0.00000000e+00]],[[0.         0.         0.00038525]],[[ 1.75756448e-05 -3.59025611e-04  0.00000000e+00]],[[0.         0.         0.00032488]],[[ 5.09786992e-05 -2.93182038e-04  0.00000000e+00]],[[0.         0.         0.00017174]],[[ 4.94728673e-05 -1.47346616e-04  0.00000000e+00]],[[0.00000000e+00 0.00000000e+00 3.43774064e-05]],[[ 1.52495300e-05 -2.75999131e-05  0.00000000e+00]],[[0.00000000e+00 0.00000000e+00 6.73963396e-07]],[[ 4.33894693e-07 -4.89233579e-07  0.00000000e+00]]
[[0.00000000e+00 0.00000000e+00 5.73306956e-05]],[[-3.66742876e-05 -4.61974677e-05  0.00000000e+00]],[[0.         0.         0.00026499]],[[-8.31499881e-05 -2.30014259e-04  0.00000000e+00]],[[0.         0.         0.00044418]],[[-5.95117427e-05 -4.11781997e-04  0.00000000e+00]],[[0.         0.         0.00046002]],[[-1.59122223e-05 -4.51777790e-04  0.00000000e+00]],[[0.         0.         0.00045764]],[[ 1.59122223e-05 -4.52023565e-04  0.00000000e+00]],[[0.         0.         0.00045637]],[[ 5.95117427e-05 -4.29074686e-04  0.00000000e+00]],[[0.        0.        0.0003131]],[[ 8.31499881e-05 -2.75239744e-04  0.00000000e+00]],[[0.00000000e+00 0.00000000e+00 8.79359307e-05]],[[ 3.66742876e-05 -7.19748018e-05  0.00000000e+00]],[[0.00000000e+00 0.00000000e+00 3.55175519e-06]],[[ 2.11240963e-06 -2.65523850e-06  0.00000000e+00]]
[[0.         0.         0.00013875]],[[-7.62801147e-05 -1.14202634e-04  0.00000000e+00]],[[0.      0.      0.00044]],[[-0.00011221 -0.00039332  0.        ]],[[0.         0.         0.00050571]],[[-4.12438678e-05 -5.01332186e-04  0.00000000e+00]],[[0.         0.         0.00033234]],[[ 3.12988211e-06 -3.86124336e-04  0.00000000e+00]],[[0.         0.         0.00030514]],[[-3.12988211e-06 -3.65645370e-04  0.00000000e+00]],[[0.         0.         0.00047961]],[[ 4.12438678e-05 -4.87919211e-04  0.00000000e+00]],[[0.         0.         0.00048152]],[[ 0.00011221 -0.00043864  0.        ]],[[0.         0.         0.00019533]],[[ 7.62801147e-05 -1.63406560e-04  0.00000000e+00]],[[0.0000000e+00 0.0000000e+00 1.4945583e-05]],[[ 8.44471940e-06 -1.13917375e-05  0.00000000e+00]]
[[0.        0.        0.0002901]],[[-0.00013349 -0.00024449  0.        ]],[[0.         0.         0.00058942]],[[-0.00010883 -0.000553    0.        ]],[[0.         0.         0.00028463]],[[ 4.12144361e-05 -3.63256201e-04  0.00000000e+00]],[[ 0.          0.         -0.00026982]],[[5.29677700e-05 8.74203976e-05 0.00000000e+00]],[[ 0.          0.         -0.00034101]],[[-5.29677700e-05  1.46707913e-04  0.00000000e+00]],[[0.         0.         0.00016684]],[[-4.12144361e-05 -2.71005261e-04  0.00000000e+00]],[[0.         0.         0.00058459]],[[ 0.00010883 -0.00056441  0.        ]],[[0.         0.         0.00037182]],[[ 0.00013349 -0.00031966  0.        ]],[[0.00000000e+00 0.00000000e+00 4.87705294e-05]],[[ 2.58237921e-05 -3.81024503e-05  0.00000000e+00]]
[[0.         0.         0.00051058]],[[-0.00019411 -0.00044407  0.        ]],[[0.         0.         0.00053642]],[[-9.74876552e-06 -5.61625763e-04  0.00000000e+00]],[[ 0.          0.         -0.00053585]],[[0.00023248 0.00029429 0.        ]],[[ 0.         0.        -0.0016746]],[[0.00013343 0.00128918 0.        ]],[[ 0.          0.         -0.00178953]],[[-0.00013343  0.00139488  0.        ]],[[ 0.          0.         -0.00080907]],[[-0.00023248  0.00052692  0.        ]],[[0.         0.         0.00039488]],[[ 9.74876552e-06 -4.60616030e-04  0.00000000e+00]],[[0.         0.         0.00059717]],[[ 0.00019411 -0.00053112  0.        ]],[[0.         0.         0.00013358]],[[ 6.65918871e-05 -1.06759453e-04  0.00000000e+00]]
[[0.        0.        0.0007331]],[[-0.00019665 -0.00066579  0.        ]],[[ 0.00000000e+00  0.00000000e+00 -4.97803575e-05]],[[ 0.000266   -0.00012738  0.        ]],[[ 0.          0.         -0.00230938]],[[0.00053931 0.00182347 0.        ]],[[ 0.         0.        -0.0040648]],[[0.00026346 0.00345536 0.        ]],[[ 0.          0.         -0.00425054]],[[-0.00026346  0.00362872  0.        ]],[[ 0.          0.         -0.00274769]],[[-0.00053931  0.00222548  0.        ]],[[ 0.          0.         -0.00044369]],[[-0.000266    0.00019533  0.        ]],[[0.         0.         0.00073674]],[[ 0.00019665 -0.00069592  0.        ]],[[0.         0.         0.00030671]],[[ 0.00014366 -0.00025129  0.        ]]
[[0.        0.        0.0007263]],[[-3.95162562e-05 -7.25158509e-04  0.00000000e+00]],[[ 0.          0.         -0.00159516]],[[0.00076386 0.00115311 0.        ]],[[ 0.          0.         -0.00513774]],[[0.00095502 0.00440692 0.        ]],[[ 0.          0.         -0.00726959]],[[0.00038829 0.00652324 0.        ]],[[ 0.          0.         -0.00744791]],[[-0.00038829  0.00671073  0.        ]],[[ 0.          0.         -0.00573157]],[[-0.00095502  0.00497932  0.        ]],[[ 0.          0.         -0.00230635]],[[-0.00076386  0.00178269  0.        ]],[[0.         0.         0.00050184]],[[ 3.95162562e-05 -5.71289309e-04  0.00000000e+00]],[[0.         0.         0.00058069]],[[ 0.00025067 -0.00049111  0.        ]]
[[0.0000000e+00 0.0000000e+00 7.3733605e-05]],[[ 0.00040918 -0.00026177  0.        ]],[[ 0.          0.         -0.00435199]],[[0.0014856  0.00358938 0.        ]],[[ 0.          0.         -0.00862681]],[[0.00132717 0.00779637 0.        ]],[[ 0.          0.         -0.01032609]],[[0.0004618  0.00973145 0.        ]],[[ 0.         0.        -0.0104311]],[[-0.0004618   0.00987216  0.        ]],[[ 0.          0.         -0.00915842]],[[-0.00132717  0.00837163  0.        ]],[[ 0.          0.         -0.00538299]],[[-0.0014856   0.00455291  0.        ]],[[ 0.          0.         -0.00056722]],[[-0.00040918  0.00025662  0.        ]],[[0.         0.         0.00088937]],[[ 0.00034576 -0.00078379  0.        ]]
[[ 0.          0.         -0.00173851]],[[0.00126825 0.0012124  0.        ]],[[ 0.          0.         -0.00811423]],[[0.00220849 0.00711334 0.        ]],[[ 0.          0.         -0.01145424]],[[0.00143013 0.01090079 0.        ]],[[ 0.          0.         -0.01147433]],[[0.00042697 0.01150946 0.        ]],[[ 0.          0.         -0.01142457]],[[-0.00042697  0.01151096  0.        ]],[[ 0.          0.         -0.01160133]],[[-0.00143013  0.01119123  0.        ]],[[ 0.          0.         -0.00914688]],[[-0.00220849  0.00817727  0.        ]],[[ 0.         0.        -0.0029657]],[[-0.00126825  0.00227367  0.        ]],[[0.         0.         0.00095368]],[[ 0.00029141 -0.00091313  0.        ]]
[[ 0.          0.         -0.00508001]],[[0.00242412 0.00410925 0.        ]],[[ 0.          0.         -0.01165865]],[[0.00254773 0.01076987 0.        ]],[[ 0.          0.         -0.01148023]],[[0.00105522 0.01177075 0.        ]],[[ 0.          0.         -0.00865632]],[[0.00014207 0.0098004  0.        ]],[[ 0.          0.         -0.00824934]],[[-0.00014207  0.00949121  0.        ]],[[ 0.          0.         -0.01094467]],[[-0.00105522  0.01144803  0.        ]],[[ 0.          0.         -0.01214326]],[[-0.00254773  0.01145718  0.        ]],[[ 0.          0.         -0.00673117]],[[-0.00242412  0.00564729  0.        ]],[[0.         0.         0.00024512]],[[-0.00012969 -0.00043212  0.        ]]
[[ 0.          0.         -0.00949469]],[[0.00352079 0.00820057 0.        ]],[[ 0.          0.         -0.01274122]],[[0.00206434 0.01258452 0.        ]],[[ 0.          0.         -0.00664088]],[[-3.83094801e-05  8.24571314e-03  0.00000000e+00]],[[ 0.          0.         -0.00038811]],[[-0.00028478  0.00287676  0.        ]],[[0.         0.         0.00022163]],[[0.00028478 0.00232184 0.        ]],[[ 0.          0.         -0.00507877]],[[3.83094801e-05 6.95666434e-03 0.00000000e+00]],[[ 0.          0.         -0.01205069]],[[-0.00206434  0.01226238  0.        ]],[[ 0.          0.         -0.01106128]],[[-0.00352079  0.00982149  0.        ]],[[ 0.          0.         -0.00188563]],[[-0.00111469  0.0012659   0.        ]]
[[ 0.          0.         -0.01335201]],[[0.00386794 0.01219886 0.        ]],[[ 0.          0.         -0.00888858]],[[0.00032742 0.01009337 0.        ]],[[0.         0.         0.00395806]],[[-0.00159273 -0.00096717  0.        ]],[[0.         0.         0.01225631]],[[-0.00080325 -0.00889823  0.        ]],[[0.         0.         0.01299696]],[[ 0.00080325 -0.00964174  0.        ]],[[0.         0.         0.00617855]],[[ 0.00159273 -0.00303709  0.        ]],[[ 0.          0.         -0.00640739]],[[-0.00032742  0.00811554  0.        ]],[[ 0.         0.        -0.0138479]],[[-0.00386794  0.01303381  0.        ]],[[ 0.         0.        -0.0058766]],[[-0.00273565  0.00467026  0.        ]]
[[ 0.          0.         -0.01384741]],[[0.0025914  0.01360918 0.        ]],[[0.         0.         0.00140941]],[[-0.00236664  0.00145971  0.        ]],[[0.         0.         0.01795875]],[[-0.00308117 -0.01436558  0.        ]],[[0.         0.         0.02504863]],[[-0.00121408 -0.02212059  0.        ]],[[0.        0.        0.0256355]],[[ 0.00121408 -0.022775    0.        ]],[[0.         0.         0.02008498]],[[ 0.00308117 -0.01660925  0.        ]],[[0.         0.         0.00525787]],[[ 0.00236664 -0.0020317   0.        ]],[[ 0.          0.         -0.01202388]],[[-0.0025914   0.01247948  0.        ]],[[ 0.          0.         -0.01105052]],[[-0.00453692  0.0094063   0.        ]]
[[ 0.          0.         -0.00787191]],[[-0.00053443  0.00939967  0.        ]],[[0.         0.         0.01626045]],[[-0.00512507 -0.01233085  0.        ]],[[0.         0.         0.02953361]],[[-0.00378353 -0.02699169  0.        ]],[[0.         0.         0.03128874]],[[-0.0010804  -0.03051261  0.        ]],[[0.         0.         0.03109778]],[[ 0.0010804  -0.03055131  0.        ]],[[0.         0.         0.03053693]],[[ 0.00378353 -0.02838685  0.        ]],[[0.         0.         0.02020086]],[[ 0.00512507 -0.01634469  0.        ]],[[ 0.          0.         -0.00340667]],[[0.00053443 0.00571891 0.        ]],[[ 0.          0.         -0.01517616]],[[-0.00552453  0.01371203  0.        ]]
[[0.         0.         0.00529665]],[[-0.00494665 -0.00178943  0.        ]],[[0.         0.         0.02979907]],[[-0.00657987 -0.02646774  0.        ]],[[0.         0.         0.03136675]],[[-0.00275914 -0.03167726  0.        ]],[[0.         0.         0.02432306]],[[-0.00050829 -0.02710789  0.        ]],[[0.        0.        0.0235058]],[[ 0.00050829 -0.02648556  0.        ]],[[0.         0.         0.02990341]],[[ 0.00275914 -0.03091181  0.        ]],[[0.         0.         0.03187726]],[[ 0.00657987 -0.02916128  0.        ]],[[0.        0.        0.0115995]],[[ 0.00494665 -0.00759557  0.        ]],[[ 0.          0.         -0.01475217]],[[-0.00451303  0.01446551  0.        ]]
[[0.         0.         0.02233494]],[[-0.00883273 -0.01777665  0.        ]],[[0.        0.        0.0339536]],[[-0.00513356 -0.03328679  0.        ]],[[0.         0.         0.01796231]],[[-0.00016331 -0.02214968  0.        ]],[[0.         0.         0.00307091]],[[ 0.00051842 -0.00917137  0.        ]],[[0.         0.         0.00160426]],[[-0.00051842 -0.00781424  0.        ]],[[0.         0.         0.01425417]],[[ 0.00016331 -0.01904096  0.        ]],[[0.         0.         0.03188754]],[[ 0.00513356 -0.03239787  0.        ]],[[0.         0.         0.02788619]],[[ 0.00883273 -0.02356013  0.        ]],[[ 0.          0.         -0.00631655]],[[-0.00053423  0.0082394   0.        ]]
[[0.        0.        0.0353783]],[[-0.00952392 -0.0318407   0.        ]],[[0.        0.        0.0219986]],[[-0.00076835 -0.0254773   0.        ]],[[ 0.          0.         -0.00857999]],[[0.00315813 0.00154655 0.        ]],[[ 0.          0.         -0.02567875]],[[0.00161668 0.01863262 0.        ]],[[ 0.          0.         -0.02724761]],[[-0.00161668  0.02022187  0.        ]],[[ 0.          0.         -0.01332467]],[[-0.00315813  0.0061671   0.        ]],[[0.         0.         0.01576291]],[[ 0.00076835 -0.02037617  0.        ]],[[0.         0.         0.03636567]],[[ 0.00952392 -0.03412151  0.        ]],[[0.         0.         0.01004037]],[[ 0.0056835  -0.00576464  0.        ]]
[[0.         0.         0.03454883]],[[-0.00566112 -0.0345786   0.        ]],[[ 0.          0.         -0.00491673]],[[ 0.00505263 -0.00208484  0.        ]],[[ 0.         0.        -0.0374249]],[[0.00574177 0.03077571 0.        ]],[[ 0.          0.         -0.04823296]],[[0.00195494 0.04391723 0.        ]],[[ 0.          0.         -0.04871617]],[[-0.00195494  0.04473119  0.        ]],[[ 0.          0.         -0.04111561]],[[-0.00574177  0.03492136  0.        ]],[[ 0.          0.         -0.01323199]],[[-0.00505263  0.00583569  0.        ]],[[0.         0.         0.02903083]],[[ 0.00566112 -0.03090357  0.        ]],[[0.         0.         0.02881809]],[[ 0.01152554 -0.02356976  0.        ]]
[[0.         0.         0.01520574]],[[ 0.0022039  -0.01997045  0.        ]],[[ 0.          0.         -0.03593487]],[[0.00963741 0.02854552 0.        ]],[[ 0.          0.         -0.05313802]],[[0.00569354 0.05073574 0.        ]],[[ 0.          0.         -0.04995867]],[[0.00149655 0.05159072 0.        ]],[[ 0.          0.         -0.04930387]],[[-0.00149655  0.05130066  0.        ]],[[ 0.          0.         -0.05306913]],[[-0.00569354  0.05174822  0.        ]],[[ 0.          0.         -0.04248423]],[[-0.00963741  0.03576924  0.        ]],[[0.         0.         0.00397057]],[[-0.0022039  -0.01023583  0.        ]],[[0.         0.         0.03996473]],[[ 0.01356605 -0.03637009  0.        ]]
[[ 0.          0.         -0.01747369]],[[0.01075523 0.00947118 0.        ]],[[ 0.          0.         -0.05451614]],[[0.00983447 0.05091188 0.        ]],[[ 0.          0.         -0.04349012]],[[0.002831   0.04767563 0.        ]],[[ 0.          0.         -0.02612522]],[[0.00023437 0.03388314 0.        ]],[[ 0.         0.        -0.0243222]],[[-0.00023437  0.032307    0.        ]],[[ 0.          0.         -0.03940097]],[[-0.002831    0.04467116  0.        ]],[[ 0.          0.         -0.05479763]],[[-0.00983447  0.05295422  0.        ]],[[ 0.          0.         -0.02968925]],[[-0.01075523  0.02147949  0.        ]],[[0.         0.         0.03298251]],[[ 0.00882502 -0.03385465  0.        ]]
[[ 0.          0.         -0.04802753]],[[0.01490918 0.04073124 0.        ]],[[ 0.          0.         -0.04685522]],[[0.00505277 0.04994243 0.        ]],[[ 0.          0.         -0.00998778]],[[-0.00158345  0.01937406  0.        ]],[[0.         0.         0.01338632]],[[-0.00129642 -0.00318775  0.        ]],[[0.         0.         0.01557305]],[[ 0.00129642 -0.00535474  0.        ]],[[ 0.          0.         -0.00368174]],[[0.00158345 0.0134573  0.        ]],[[ 0.          0.         -0.04002458]],[[-0.00505277  0.04499946  0.        ]],[[ 0.          0.         -0.05396145]],[[-0.01490918  0.04836977  0.        ]],[[0.        0.        0.0058528]],[[-0.00190881 -0.01198513  0.        ]]
[[ 0.          0.         -0.05736443]],[[0.01180005 0.05537734 0.        ]],[[ 0.          0.         -0.01347718]],[[-0.00249097  0.02237397  0.        ]],[[0.         0.         0.03058553]],[[-0.0053319  -0.02103468  0.        ]],[[0.         0.         0.04737038]],[[-0.0020429  -0.04044042  0.        ]],[[0.         0.         0.04843673]],[[ 0.0020429  -0.04184592  0.        ]],[[0.         0.         0.03594018]],[[ 0.0053319  -0.02689136  0.        ]],[[ 0.          0.         -0.00270095]],[[0.00249097 0.01240361 0.        ]],[[ 0.          0.         -0.05292303]],[[-0.01180005  0.05372064  0.        ]],[[ 0.          0.         -0.03073382]],[[-0.01360769  0.02188817  0.        ]]
[[ 0.         0.        -0.0366332]],[[0.00236374 0.04186839 0.        ]],[[0.         0.         0.02850549]],[[-0.00879886 -0.01869094  0.        ]],[[0.         0.         0.05502808]],[[-0.00606834 -0.0509703   0.        ]],[[0.         0.         0.05520603]],[[-0.0016793 -0.0558426  0.       ]],[[0.         0.         0.05468662]],[[ 0.0016793  -0.05579423  0.        ]],[[0.         0.         0.05608008]],[[ 0.00606834 -0.05324043  0.        ]],[[0.         0.         0.03751629]],[[ 0.00879886 -0.02846085  0.        ]],[[ 0.          0.         -0.02315344]],[[-0.00236374  0.03062223  0.        ]],[[ 0.          0.         -0.05708998]],[[-0.01982384  0.05035264  0.        ]]
[[0.         0.         0.00506239]],[[-0.00843494  0.00472359  0.        ]],[[0.         0.         0.05469512]],[[-0.01002587 -0.04986576  0.        ]],[[0.         0.         0.04807673]],[[-0.00342644 -0.05202643  0.        ]],[[0.        0.        0.0319126]],[[-0.00049615 -0.03973187  0.        ]],[[0.         0.         0.03022247]],[[ 0.00049615 -0.03828432  0.        ]],[[0.         0.         0.04430278]],[[ 0.00342644 -0.04946114  0.        ]],[[0.        0.        0.0564479]],[[ 0.01002587 -0.05359139  0.        ]],[[0.         0.         0.02048828]],[[ 0.00843494 -0.01037162  0.        ]],[[ 0.          0.         -0.05492175]],[[-0.01585679  0.05472371  0.        ]]
[[0.         0.         0.04394256]],[[-0.01405894 -0.03547385  0.        ]],[[0.         0.         0.04884135]],[[-0.00558741 -0.05191294  0.        ]],[[0.         0.         0.01444968]],[[ 0.00071302 -0.02369107  0.        ]],[[ 0.          0.         -0.00712822]],[[ 0.00081608 -0.00258209  0.        ]],[[ 0.          0.         -0.00900274]],[[-0.00081608 -0.00063053  0.        ]],[[0.         0.         0.00853647]],[[-0.00071302 -0.01811345  0.        ]],[[0.         0.         0.04250102]],[[ 0.00558741 -0.04753903  0.        ]],[[0.         0.         0.05197644]],[[ 0.01405894 -0.04543999  0.        ]],[[ 0.         0.        -0.0221156]],[[-0.00314764  0.02910001  0.        ]]
[[0.         0.         0.05591423]],[[-0.01130719 -0.05403436  0.        ]],[[0.         0.         0.01552645]],[[ 0.00128422 -0.02412233  0.        ]],[[ 0.          0.         -0.02306613]],[[0.00366    0.01494103 0.        ]],[[ 0.          0.         -0.03606241]],[[0.00144607 0.03101632 0.        ]],[[ 0.          0.         -0.03696234]],[[-0.00144607  0.03221087  0.        ]],[[ 0.          0.         -0.02727588]],[[-0.00366     0.01986147  0.        ]],[[0.         0.         0.00571034]],[[-0.00128422 -0.01489208  0.        ]],[[0.         0.         0.05198337]],[[ 0.01130719 -0.05305266  0.        ]],[[0.         0.         0.02301946]],[[ 0.01077963 -0.01312486  0.        ]]
[[0.         0.         0.03436573]],[[-0.00264069 -0.0398489   0.        ]],[[ 0.          0.         -0.02189514]],[[0.00597143 0.01401081 0.        ]],[[ 0.          0.         -0.03960556]],[[0.00378152 0.03806279 0.        ]],[[ 0.          0.         -0.03690847]],[[0.00092811 0.03948405 0.        ]],[[ 0.          0.         -0.03616857]],[[-0.00092811  0.03913979  0.        ]],[[ 0.          0.         -0.03977915]],[[-0.00378152  0.03933096  0.        ]],[[ 0.          0.         -0.02859081]],[[-0.00597143  0.02182241  0.        ]],[[0.         0.         0.02198565]],[[ 0.00264069 -0.0293301   0.        ]],[[0.         0.         0.05281143]],[[ 0.01755367 -0.04635797  0.        ]]
[[ 0.          0.         -0.00413748]],[[ 0.00574949 -0.00418827  0.        ]],[[ 0.          0.         -0.03816271]],[[0.00586944 0.0364522  0.        ]],[[ 0.          0.         -0.02667678]],[[0.00128314 0.03199895 0.        ]],[[ 0.          0.         -0.01236212]],[[-9.19309322e-05  1.98736868e-02  0.00000000e+00]],[[ 0.          0.         -0.01090499]],[[9.19309322e-05 1.85570205e-02 0.00000000e+00]],[[ 0.          0.         -0.02310786]],[[-0.00128314  0.02918271  0.        ]],[[ 0.          0.         -0.03801702]],[[-0.00586944  0.03806556  0.        ]],[[ 0.          0.         -0.01612284]],[[-0.00574949  0.00821448  0.        ]],[[0.         0.         0.04906217]],[[ 0.01357716 -0.04986986  0.        ]]
[[ 0.          0.         -0.03205283]],[[0.00854765 0.02719759 0.        ]],[[ 0.          0.         -0.02523933]],[[0.00173975 0.03007289 0.        ]],[[0.         0.         0.00253279]],[[-0.00160961  0.00483957  0.        ]],[[0.         0.         0.01637747]],[[-0.00075532 -0.0100909   0.        ]],[[0.         0.         0.01732511]],[[ 0.00075532 -0.01127975  0.        ]],[[0.         0.         0.00666508]],[[0.00160961 0.00061648 0.        ]],[[ 0.          0.         -0.01934007]],[[-0.00173975  0.02529333  0.        ]],[[ 0.          0.         -0.03605001]],[[-0.00854765  0.03322269  0.        ]],[[0.         0.         0.01687381]],[[ 0.00252585 -0.02343091  0.        ]]
[[ 0.          0.         -0.03206016]],[[0.00474445 0.03366061 0.        ]],[[0.         0.         0.00302099]],[[-0.00272787  0.00373149  0.        ]],[[0.         0.         0.02408153]],[[-0.00257528 -0.02049303  0.        ]],[[0.         0.         0.02720266]],[[-0.000805   -0.02678889  0.        ]],[[0.         0.         0.02727363]],[[ 0.000805   -0.02713316  0.        ]],[[0.       0.       0.025461]],[[ 0.00257528 -0.0227219   0.        ]],[[0.         0.         0.00940298]],[[ 0.00272787 -0.00288129  0.        ]],[[ 0.          0.         -0.02662729]],[[-0.00474445  0.03022949  0.        ]],[[ 0.         0.        -0.0189077]],[[-0.00739238  0.01216223  0.        ]]
[[ 0.          0.         -0.00904098]],[[-0.00155487  0.01476663  0.        ]],[[0.         0.         0.02295232]],[[-0.00399111 -0.0197738   0.        ]],[[0.         0.         0.02271007]],[[-0.0014195  -0.02512043  0.        ]],[[0.         0.         0.01507597]],[[-0.00021556 -0.01986166  0.        ]],[[0.         0.         0.01423396]],[[ 0.00021556 -0.01915031  0.        ]],[[0.         0.         0.02105903]],[[ 0.0014195  -0.02421108  0.        ]],[[0.         0.         0.02475686]],[[ 0.00399111 -0.02287474  0.        ]],[[ 0.00000000e+00  0.00000000e+00 -4.24081968e-05]],[[0.00155487 0.00624545 0.        ]],[[ 0.          0.         -0.03304129]],[[-0.00956522  0.03122022  0.        ]]
[[0.         0.         0.01531186]],[[-0.00493969 -0.01069094  0.        ]],[[0.         0.         0.02053173]],[[-0.00189213 -0.02284433  0.        ]],[[0.         0.         0.00387495]],[[ 0.00052037 -0.00926482  0.        ]],[[ 0.          0.         -0.00625263]],[[0.00045386 0.00111251 0.        ]],[[ 0.         0.        -0.0072089]],[[-0.00045386  0.00210503  0.        ]],[[0.         0.         0.00110386]],[[-0.00052037 -0.00652187  0.        ]],[[0.         0.         0.01753334]],[[ 0.00189213 -0.0209297   0.        ]],[[0.         0.         0.02014706]],[[ 0.00493969 -0.01678225  0.        ]],[[ 0.         0.        -0.0199296]],[[-0.00432479  0.02347448  0.        ]]
[[0.         0.         0.02157782]],[[-0.00359698 -0.02163059  0.        ]],[[0.         0.         0.00230044]],[[ 0.00111184 -0.00713656  0.        ]],[[ 0.          0.         -0.01365467]],[[0.00159626 0.01040315 0.        ]],[[ 0.         0.        -0.0176531]],[[0.0005407  0.01652086 0.        ]],[[ 0.          0.         -0.01777716]],[[-0.0005407   0.01686115  0.        ]],[[ 0.          0.         -0.01519158]],[[-0.00159626  0.01244057  0.        ]],[[ 0.          0.         -0.00199074]],[[-0.00111184 -0.00281211  0.        ]],[[0.         0.         0.01965976]],[[ 0.00359698 -0.02128535  0.        ]],[[0.         0.         0.00460126]],[[0.00253433 0.00030265 0.        ]]
[[0.         0.         0.00883867]],[[ 0.00022031 -0.01253031  0.        ]],[[ 0.          0.         -0.01324929]],[[0.00242342 0.01058581 0.        ]],[[ 0.          0.         -0.01554517]],[[0.00104904 0.01682998 0.        ]],[[ 0.          0.         -0.01138085]],[[0.00011826 0.0144983  0.        ]],[[ 0.          0.         -0.01077739]],[[-0.00011826  0.01408098  0.        ]],[[ 0.          0.         -0.01476346]],[[-0.00104904  0.01657297  0.        ]],[[ 0.          0.         -0.01512288]],[[-0.00242342  0.01329575  0.        ]],[[0.         0.         0.00338567]],[[-0.00022031 -0.00754012  0.        ]],[[0.         0.         0.01894705]],[[ 0.00545051 -0.01699986  0.        ]]
[[ 0.         0.        -0.0078158]],[[0.00278489 0.00454964 0.        ]],[[ 0.         0.        -0.0135067]],[[0.00131396 0.01493943 0.        ]],[[ 0.          0.         -0.00340916]],[[-0.00033582  0.00719335  0.        ]],[[0.         0.         0.00357337]],[[-0.00024817  0.00026584  0.        ]],[[0.         0.         0.00409681]],[[ 0.00024817 -0.00033507  0.        ]],[[ 0.          0.         -0.00143088]],[[0.00033582 0.0053582  0.        ]],[[ 0.          0.         -0.01192185]],[[-0.00131396  0.01409299  0.        ]],[[ 0.         0.        -0.0114793]],[[-0.00278489  0.00896279  0.        ]],[[0.         0.         0.01388133]],[[ 0.00311331 -0.01584035  0.        ]]
[[ 0.          0.         -0.01315744]],[[0.00220459 0.0131776  0.        ]],[[ 0.          0.         -0.00167322]],[[-0.00073606  0.00504088  0.        ]],[[0.         0.         0.00910946]],[[-0.00105208 -0.00671097  0.        ]],[[0.         0.         0.01196525]],[[-0.00032757 -0.01104081  0.        ]],[[0.         0.         0.01207867]],[[ 0.00032757 -0.0113284   0.        ]],[[0.         0.         0.01013264]],[[ 0.00105208 -0.00808621  0.        ]],[[0.         0.         0.00125524]],[[0.00073606 0.00217822 0.        ]],[[ 0.          0.         -0.01232848]],[[-0.00220459  0.0133664   0.        ]],[[ 0.          0.         -0.00143704]],[[-0.00113172 -0.00176436  0.        ]]
[[ 0.          0.         -0.00520822]],[[-0.00026381  0.00774746  0.        ]],[[0.         0.         0.00893921]],[[-0.00159835 -0.00712643  0.        ]],[[0.         0.         0.01046044]],[[-0.00062744 -0.01137011  0.        ]],[[0.         0.         0.00757658]],[[-0.000115   -0.00983728  0.        ]],[[0.         0.         0.00727292]],[[ 0.000115  -0.0095997  0.       ]],[[0.         0.         0.00985383]],[[ 0.00062744 -0.01119421  0.        ]],[[0.         0.         0.01017098]],[[ 0.00159835 -0.00891473  0.        ]],[[ 0.         0.        -0.0016821]],[[0.00026381 0.00458235 0.        ]],[[ 0.          0.         -0.01098272]],[[-0.00306902  0.0097845   0.        ]]
[[0.         0.         0.00560756]],[[-0.00184761 -0.00348065  0.        ]],[[0.         0.         0.00876398]],[[-0.00074868 -0.00984984  0.        ]],[[0.         0.         0.00181371]],[[ 0.00024508 -0.00448489  0.        ]],[[ 0.        0.       -0.002756]],[[0.00015514 0.0001339  0.        ]],[[ 0.          0.         -0.00314189]],[[-0.00015514  0.00057177  0.        ]],[[0.         0.         0.00056731]],[[-0.00024508 -0.00328945  0.        ]],[[0.         0.         0.00755022]],[[ 0.00074868 -0.00919488  0.        ]],[[0.         0.         0.00787001]],[[ 0.0018476  -0.00624441  0.        ]],[[ 0.          0.         -0.00766912]],[[-0.0015574   0.00916644  0.        ]]
[[0.         0.         0.00846543]],[[-0.00125215 -0.00865448  0.        ]],[[0.         0.         0.00040955]],[[ 0.0005708  -0.00270904  0.        ]],[[ 0.          0.         -0.00640733]],[[0.00062642 0.0049364  0.        ]],[[ 0.          0.         -0.00793607]],[[0.00023428 0.00758976 0.        ]],[[ 0.          0.         -0.00804912]],[[-0.00023428  0.00777125  0.        ]],[[ 0.          0.         -0.00695208]],[[-0.00062642  0.00579189  0.        ]],[[ 0.          0.         -0.00147531]],[[-0.0005708  -0.00082769  0.        ]],[[0.         0.         0.00761484]],[[ 0.00125213 -0.00854203  0.        ]],[[0.         0.         0.00196933]],[[0.00099431 0.00014358 0.        ]]
