detector0 (E),detector0 (H),detector1 (E),detector1 (H),detector2 (E),detector2 (H),detector3 (E),detector3 (H),detector4 (E),detector4 (H),detector5 (E),detector5 (H),detector6 (E),detector6 (H),detector7 (E),detector7 (H)
"[[0. 0. 0.]
 [0. 0. 0.]]","[[0. 0. 0.]
 [0. 0. 0.]]","[[0. 0. 0.]
 [0. 0. 0.]]","[[0. 0. 0.]
 [0. 0. 0.]]","[[0. 0. 0.]
 [0. 0. 0.]]","[[0. 0. 0.]
 [0. 0. 0.]]","[[0. 0. 0.]
 [0. 0. 0.]]","[[0. 0. 0.]
 [0. 0. 0.]]","[[0. 0. 0.]
 [0. 0. 0.]]","[[0. 0. 0.]
 [0. 0. 0.]]","[[0. 0. 0.]
 [0. 0. 0.]]","[[0. 0. 0.]
 [0. 0. 0.]]","[[0. 0. 0.]
 [0. 0. 0.]]","[[0. 0. 0.]
 [0. 0. 0.]]","[[0. 0. 0.]
 [0. 0. 0.]]","[[0. 0. 0.]
 [0. 0. 0.]]"
"[[0. 0. 0.]
 [0. 0. 0.]]","[[0. 0. 0.]
 [0. 0. 0.]]","[[0. 0. 0.]
 [0. 0. 0.]]","[[0. 0. 0.]
 [0. 0. 0.]]","[[0. 0. 0.]
 [0. 0. 0.]]","[[0. 0. 0.]
 [0. 0. 0.]]","[[0. 0. 0.]
 [0. 0. 0.]]","[[0. 0. 0.]
 [0. 0. 0.]]","[[0. 0. 0.]
 [0. 0. 0.]]","[[0. 0. 0.]
 [0. 0. 0.]]","[[0. 0. 0.]
 [0. 0. 0.]]","[[0. 0. 0.]
 [0. 0. 0.]]","[[0. 0. 0.]
 [0. 0. 0.]]","[[0. 0. 0.]
 [0. 0. 0.]]","[[0. 0. 0.]
 [0. 0. 0.]]","[[0. 0. 0.]
 [0. 0. 0.]]"
"[[0. 0. 0.]
 [0. 0. 0.]]","[[0. 0. 0.]
 [0. 0. 0.]]","[[0. 0. 0.]
 [0. 0. 0.]]","[[0. 0. 0.]
 [0. 0. 0.]]","[[0. 0. 0.]
 [0. 0. 0.]]","[[0. 0. 0.]
 [0. 0. 0.]]","[[0. 0. 0.]
 [0. 0. 0.]]","[[0. 0. 0.]
 [0. 0. 0.]]","[[0. 0. 0.]
 [0. 0. 0.]]","[[0. 0. 0.]
 [0. 0. 0.]]","[[0. 0. 0.]
 [0. 0. 0.]]","[[0. 0. 0.]
 [0. 0. 0.]]","[[0. 0. 0.]
 [0. 0. 0.]]","[[0. 0. 0.]
 [0. 0. 0.]]","[[0. 0. 0.]
 [0. 0. 0.]]","[[0. 0. 0.]
 [0. 0. 0.]]"
"[[0. 0. 0.]
 [0. 0. 0.]]","[[0. 0. 0.]
 [0. 0. 0.]]","[[0. 0. 0.]
 [0. 0. 0.]]","[[0. 0. 0.]
 [0. 0. 0.]]","[[0. 0. 0.]
 [0. 0. 0.]]","[[0. 0. 0.]
 [0. 0. 0.]]","[[0. 0. 0.]
 [0. 0. 0.]]","[[0. 0. 0.]
 [0. 0. 0.]]","[[0. 0. 0.]
 [0. 0. 0.]]","[[0. 0. 0.]
 [0. 0. 0.]]","[[0. 0. 0.]
 [0. 0. 0.]]","[[0. 0. 0.]
 [0. 0. 0.]]","[[0. 0. 0.]
 [0. 0. 0.]]","[[0. 0. 0.]
 [0. 0. 0.]]","[[0. 0. 0.]
 [0. 0. 0.]]","[[0. 0. 0.]
 [0. 0. 0.]]"
"[[0. 0. 0.]
 [0. 0. 0.]]","[[0. 0. 0.]
 [0. 0. 0.]]","[[0. 0. 0.]
 [0. 0. 0.]]","[[0. 0. 0.]
 [0. 0. 0.]]","[[0. 0. 0.]
 [0. 0. 0.]]","[[0. 0. 0.]
 [0. 0. 0.]]","[[0. 0. 0.]
 [0. 0. 0.]]","[[0. 0. 0.]
 [0. 0. 0.]]","[[0. 0. 0.]
 [0. 0. 0.]]","[[0. 0. 0.]
 [0. 0. 0.]]","[[0. 0. 0.]
 [0. 0. 0.]]","[[0. 0. 0.]
 [0. 0. 0.]]","[[0. 0. 0.]
 [0. 0. 0.]]","[[0. 0. 0.]
 [0. 0. 0.]]","[[0. 0. 0.]
 [0. 0. 0.]]","[[0. 0. 0.]
 [0. 0. 0.]]"
"[[0. 0. 0.]
 [0. 0. 0.]]","[[0. 0. 0.]
 [0. 0. 0.]]","[[0. 0. 0.]
 [0. 0. 0.]]","[[0. 0. 0.]
 [0. 0. 0.]]","[[0. 0. 0.]
 [0. 0. 0.]]","[[0. 0. 0.]
 [0. 0. 0.]]","[[0. 0. 0.]
 [0. 0. 0.]]","[[0. 0. 0.]
 [0. 0. 0.]]","[[0. 0. 0.]
 [0. 0. 0.]]","[[0. 0. 0.]
 [0. 0. 0.]]","[[0. 0. 0.]
 [0. 0. 0.]]","[[0. 0. 0.]
 [0. 0. 0.]]","[[0. 0. 0.]
 [0. 0. 0.]]","[[0. 0. 0.]
 [0. 0. 0.]]","[[0. 0. 0.]
 [0. 0. 0.]]","[[0. 0. 0.]
 [0. 0. 0.]]"
"[[0. 0. 0.]
 [0. 0. 0.]]","[[0. 0. 0.]
 [0. 0. 0.]]","[[0. 0. 0.]
 [0. 0. 0.]]","[[0. 0. 0.]
 [0. 0. 0.]]","[[0. 0. 0.]
 [0. 0. 0.]]","[[0. 0. 0.]
 [0. 0. 0.]]","[[0. 0. 0.]
 [0. 0. 0.]]","[[0. 0. 0.]
 [0. 0. 0.]]","[[0. 0. 0.]
 [0. 0. 0.]]","[[0. 0. 0.]
 [0. 0. 0.]]","[[0. 0. 0.]
 [0. 0. 0.]]","[[0. 0. 0.]
 [0. 0. 0.]]","[[0. 0. 0.]
 [0. 0. 0.]]","[[0. 0. 0.]
 [0. 0. 0.]]","[[0. 0. 0.]
 [0. 0. 0.]]","[[0. 0. 0.]
 [0. 0. 0.]]"
"[[0. 0. 0.]
 [0. 0. 0.]]","[[0. 0. 0.]
 [0. 0. 0.]]","[[0. 0. 0.]
 [0. 0. 0.]]","[[0. 0. 0.]
 [0. 0. 0.]]","[[0. 0. 0.]
 [0. 0. 0.]]","[[0. 0. 0.]
 [0. 0. 0.]]","[[0. 0. 0.]
 [0. 0. 0.]]","[[0. 0. 0.]
 [0. 0. 0.]]","[[0. 0. 0.]
 [0. 0. 0.]]","[[0. 0. 0.]
 [0. 0. 0.]]","[[0. 0. 0.]
 [0. 0. 0.]]","[[0. 0. 0.]
 [0. 0. 0.]]","[[0. 0. 0.]
 [0. 0. 0.]]","[[0. 0. 0.]
 [0. 0. 0.]]","[[0. 0. 0.]
 [0. 0. 0.]]","[[0. 0. 0.]
 [0. 0. 0.]]"
"[[0. 0. 0.]
 [0. 0. 0.]]","[[0. 0. 0.]
 [0. 0. 0.]]","[[0. 0. 0.]
 [0. 0. 0.]]","[[0. 0. 0.]
 [0. 0. 0.]]","[[0. 0. 0.]
 [0. 0. 0.]]","[[0. 0. 0.]
 [0. 0. 0.]]","[[0. 0. 0.]
 [0. 0. 0.]]","[[0. 0. 0.]
 [0. 0. 0.]]","[[0. 0. 0.]
 [0. 0. 0.]]","[[0. 0. 0.]
 [0. 0. 0.]]","[[0. 0. 0.]
 [0. 0. 0.]]","[[0. 0. 0.]
 [0. 0. 0.]]","[[0. 0. 0.]
 [0. 0. 0.]]","[[0. 0. 0.]
 [0. 0. 0.]]","[[0. 0. 0.]
 [0. 0. 0.]]","[[0. 0. 0.]
 [0. 0. 0.]]"
"[[0. 0. 0.]
 [0. 0. 0.]]","[[0. 0. 0.]
 [0. 0. 0.]]","[[0. 0. 0.]
 [0. 0. 0.]]","[[0. 0. 0.]
 [0. 0. 0.]]","[[0. 0. 0.]
 [0. 0. 0.]]","[[0. 0. 0.]
 [0. 0. 0.]]","[[0. 0. 0.]
 [0. 0. 0.]]","[[0. 0. 0.]
 [0. 0. 0.]]","[[0. 0. 0.]
 [0. 0. 0.]]","[[0. 0. 0.]
 [0. 0. 0.]]","[[0. 0. 0.]
 [0. 0. 0.]]","[[0. 0. 0.]
 [0. 0. 0.]]","[[0. 0. 0.]
 [0. 0. 0.]]","[[0. 0. 0.]
 [0. 0. 0.]]","[[0. 0. 0.]
 [0. 0. 0.]]","[[0. 0. 0.]
 [0. 0. 0.]]"
"[[0. 0. 0.]
 [0. 0. 0.]]","[[0. 0. 0.]
 [0. 0. 0.]]","[[0. 0. 0.]
 [0. 0. 0.]]","[[0. 0. 0.]
 [0. 0. 0.]]","[[0. 0. 0.]
 [0. 0. 0.]]","[[0. 0. 0.]
 [0. 0. 0.]]","[[0. 0. 0.]
 [0. 0. 0.]]","[[0. 0. 0.]
 [0. 0. 0.]]","[[0. 0. 0.]
 [0. 0. 0.]]","[[0. 0. 0.]
 [0. 0. 0.]]","[[0. 0. 0.]
 [0. 0. 0.]]","[[0. 0. 0.]
 [0. 0. 0.]]","[[0. 0. 0.]
 [0. 0. 0.]]","[[0. 0. 0.]
 [0. 0. 0.]]","[[0. 0. 0.]
 [0. 0. 0.]]","[[0. 0. 0.]
 [0. 0. 0.]]"
"[[0. 0. 0.]
 [0. 0. 0.]]","[[0. 0. 0.]
 [0. 0. 0.]]","[[0. 0. 0.]
 [0. 0. 0.]]","[[0. 0. 0.]
 [0. 0. 0.]]","[[0. 0. 0.]
 [0. 0. 0.]]","[[0. 0. 0.]
 [0. 0. 0.]]","[[0. 0. 0.]
 [0. 0. 0.]]","[[0. 0. 0.]
 [0. 0. 0.]]","[[0. 0. 0.]
 [0. 0. 0.]]","[[0. 0. 0.]
 [0. 0. 0.]]","[[0. 0. 0.]
 [0. 0. 0.]]","[[0. 0. 0.]
 [0. 0. 0.]]","[[0. 0. 0.]
 [0. 0. 0.]]","[[0. 0. 0.]
 [0. 0. 0.]]","[[0. 0. 0.]
 [0. 0. 0.]]","[[0. 0. 0.]
 [0. 0. 0.]]"
"[[0. 0. 0.]
 [0. 0. 0.]]","[[0. 0. 0.]
 [0. 0. 0.]]","[[0. 0. 0.]
 [0. 0. 0.]]","[[0. 0. 0.]
 [0. 0. 0.]]","[[0. 0. 0.]
 [0. 0. 0.]]","[[0. 0. 0.]
 [0. 0. 0.]]","[[0. 0. 0.]
 [0. 0. 0.]]","[[0. 0. 0.]
 [0. 0. 0.]]","[[0. 0. 0.]
 [0. 0. 0.]]","[[0. 0. 0.]
 [0. 0. 0.]]","[[0. 0. 0.]
 [0. 0. 0.]]","[[0. 0. 0.]
 [0. 0. 0.]]","[[0. 0. 0.]
 [0. 0. 0.]]","[[0. 0. 0.]
 [0. 0. 0.]]","[[0. 0. 0.]
 [0. 0. 0.]]","[[0. 0. 0.]
 [0. 0. 0.]]"
"[[0. 0. 0.]
 [0. 0. 0.]]","[[0. 0. 0.]
 [0. 0. 0.]]","[[0. 0. 0.]
 [0. 0. 0.]]","[[0. 0. 0.]
 [0. 0. 0.]]","[[0. 0. 0.]
 [0. 0. 0.]]","[[0. 0. 0.]
 [0. 0. 0.]]","[[0. 0. 0.]
 [0. 0. 0.]]","[[0. 0. 0.]
 [0. 0. 0.]]","[[0. 0. 0.]
 [0. 0. 0.]]","[[0. 0. 0.]
 [0. 0. 0.]]","[[0. 0. 0.]
 [0. 0. 0.]]","[[0. 0. 0.]
 [0. 0. 0.]]","[[0. 0. 0.]
 [0. 0. 0.]]","[[0. 0. 0.]
 [0. 0. 0.]]","[[0. 0. 0.]
 [0. 0. 0.]]","[[0. 0. 0.]
 [0. 0. 0.]]"
"[[0. 0. 0.]
 [0. 0. 0.]]","[[0. 0. 0.]
 [0. 0. 0.]]","[[0. 0. 0.]
 [0. 0. 0.]]","[[0. 0. 0.]
 [0. 0. 0.]]","[[0. 0. 0.]
 [0. 0. 0.]]","[[0. 0. 0.]
 [0. 0. 0.]]","[[0. 0. 0.]
 [0. 0. 0.]]","[[0. 0. 0.]
 [0. 0. 0.]]","[[0. 0. 0.]
 [0. 0. 0.]]","[[0. 0. 0.]
 [0. 0. 0.]]","[[0. 0. 0.]
 [0. 0. 0.]]","[[0. 0. 0.]
 [0. 0. 0.]]","[[0. 0. 0.]
 [0. 0. 0.]]","[[0. 0. 0.]
 [0. 0. 0.]]","[[0. 0. 0.]
 [0. 0. 0.]]","[[0. 0. 0.]
 [0. 0. 0.]]"
"[[0. 0. 0.]
 [0. 0. 0.]]","[[0. 0. 0.]
 [0. 0. 0.]]","[[0. 0. 0.]
 [0. 0. 0.]]","[[0. 0. 0.]
 [0. 0. 0.]]","[[0. 0. 0.]
 [0. 0. 0.]]","[[0. 0. 0.]
 [0. 0. 0.]]","[[0. 0. 0.]
 [0. 0. 0.]]","[[0. 0. 0.]
 [0. 0. 0.]]","[[0. 0. 0.]
 [0. 0. 0.]]","[[0. 0. 0.]
 [0. 0. 0.]]","[[0. 0. 0.]
 [0. 0. 0.]]","[[0. 0. 0.]
 [0. 0. 0.]]","[[0. 0. 0.]
 [0. 0. 0.]]","[[0. 0. 0.]
 [0. 0. 0.]]","[[0. 0. 0.]
 [0. 0. 0.]]","[[0. 0. 0.]
 [0. 0. 0.]]"
"[[0. 0. 0.]
 [0. 0. 0.]]","[[0. 0. 0.]
 [0. 0. 0.]]","[[0. 0. 0.]
 [0. 0. 0.]]","[[0. 0. 0.]
 [0. 0. 0.]]","[[0. 0. 0.]
 [0. 0. 0.]]","[[0. 0. 0.]
 [0. 0. 0.]]","[[0. 0. 0.]
 [0. 0. 0.]]","[[0. 0. 0.]
 [0. 0. 0.]]","[[0. 0. 0.]
 [0. 0. 0.]]","[[0. 0. 0.]
 [0. 0. 0.]]","[[0. 0. 0.]
 [0. 0. 0.]]","[[0. 0. 0.]
 [0. 0. 0.]]","[[0. 0. 0.]
 [0. 0. 0.]]","[[0. 0. 0.]
 [0. 0. 0.]]","[[0. 0. 0.]
 [0. 0. 0.]]","[[0. 0. 0.]
 [0. 0. 0.]]"
"[[0. 0. 0.]
 [0. 0. 0.]]","[[0. 0. 0.]
 [0. 0. 0.]]","[[0. 0. 0.]
 [0. 0. 0.]]","[[0. 0. 0.]
 [0. 0. 0.]]","[[0. 0. 0.]
 [0. 0. 0.]]","[[0. 0. 0.]
 [0. 0. 0.]]","[[0. 0. 0.]
 [0. 0. 0.]]","[[0. 0. 0.]
 [0. 0. 0.]]","[[0. 0. 0.]
 [0. 0. 0.]]","[[0. 0. 0.]
 [0. 0. 0.]]","[[0. 0. 0.]
 [0. 0. 0.]]","[[0. 0. 0.]
 [0. 0. 0.]]","[[0. 0. 0.]
 [0. 0. 0.]]","[[0. 0. 0.]
 [0. 0. 0.]]","[[0. 0. 0.]
 [0. 0. 0.]]","[[0. 0. 0.]
 [0. 0. 0.]]"
"[[0. 0. 0.]
 [0. 0. 0.]]","[[0. 0. 0.]
 [0. 0. 0.]]","[[0. 0. 0.]
 [0. 0. 0.]]","[[0. 0. 0.]
 [0. 0. 0.]]","[[0. 0. 0.]
 [0. 0. 0.]]","[[0. 0. 0.]
 [0. 0. 0.]]","[[0. 0. 0.]
 [0. 0. 0.]]","[[0. 0. 0.]
 [0. 0. 0.]]","[[0. 0. 0.]
 [0. 0. 0.]]","[[0. 0. 0.]
 [0. 0. 0.]]","[[0. 0. 0.]
 [0. 0. 0.]]","[[0. 0. 0.]
 [0. 0. 0.]]","[[0. 0. 0.]
 [0. 0. 0.]]","[[0. 0. 0.]
 [0. 0. 0.]]","[[0. 0. 0.]
 [0. 0. 0.]]","[[0. 0. 0.]
 [0. 0. 0.]]"
"[[0. 0. 0.]
 [0. 0. 0.]]","[[0. 0. 0.]
 [0. 0. 0.]]","[[0. 0. 0.]
 [0. 0. 0.]]","[[0. 0. 0.]
 [0. 0. 0.]]","[[0. 0. 0.]
 [0. 0. 0.]]","[[0. 0. 0.]
 [0. 0. 0.]]","[[0. 0. 0.]
 [0. 0. 0.]]","[[0. 0. 0.]
 [0. 0. 0.]]","[[0. 0. 0.]
 [0. 0. 0.]]","[[0. 0. 0.]
 [0. 0. 0.]]","[[0. 0. 0.]
 [0. 0. 0.]]","[[0. 0. 0.]
 [0. 0. 0.]]","[[0. 0. 0.]
 [0. 0. 0.]]","[[0. 0. 0.]
 [0. 0. 0.]]","[[0. 0. 0.]
 [0. 0. 0.]]","[[0. 0. 0.]
 [0. 0. 0.]]"
"[[0. 0. 0.]
 [0. 0. 0.]]","[[0. 0. 0.]
 [0. 0. 0.]]","[[0. 0. 0.]
 [0. 0. 0.]]","[[0. 0. 0.]
 [0. 0. 0.]]","[[0. 0. 0.]
 [0. 0. 0.]]","[[0. 0. 0.]
 [0. 0. 0.]]","[[0. 0. 0.]
 [0. 0. 0.]]","[[0. 0. 0.]
 [0. 0. 0.]]","[[0. 0. 0.]
 [0. 0. 0.]]","[[0. 0. 0.]
 [0. 0. 0.]]","[[0. 0. 0.]
 [0. 0. 0.]]","[[0. 0. 0.]
 [0. 0. 0.]]","[[0. 0. 0.]
 [0. 0. 0.]]","[[0. 0. 0.]
 [0. 0. 0.]]","[[0. 0. 0.]
 [0. 0. 0.]]","[[0. 0. 0.]
 [0. 0. 0.]]"
"[[0. 0. 0.]
 [0. 0. 0.]]","[[0. 0. 0.]
 [0. 0. 0.]]","[[0. 0. 0.]
 [0. 0. 0.]]","[[0. 0. 0.]
 [0. 0. 0.]]","[[0. 0. 0.]
 [0. 0. 0.]]","[[0. 0. 0.]
 [0. 0. 0.]]","[[0. 0. 0.]
 [0. 0. 0.]]","[[0. 0. 0.]
 [0. 0. 0.]]","[[0. 0. 0.]
 [0. 0. 0.]]","[[0. 0. 0.]
 [0. 0. 0.]]","[[0. 0. 0.]
 [0. 0. 0.]]","[[0. 0. 0.]
 [0. 0. 0.]]","[[0. 0. 0.]
 [0. 0. 0.]]","[[0. 0. 0.]
 [0. 0. 0.]]","[[0. 0. 0.]
 [0. 0. 0.]]","[[0. 0. 0.]
 [0. 0. 0.]]"
"[[0. 0. 0.]
 [0. 0. 0.]]","[[0. 0. 0.]
 [0. 0. 0.]]","[[0. 0. 0.]
 [0. 0. 0.]]","[[0. 0. 0.]
 [0. 0. 0.]]","[[0. 0. 0.]
 [0. 0. 0.]]","[[0. 0. 0.]
 [0. 0. 0.]]","[[0. 0. 0.]
 [0. 0. 0.]]","[[0. 0. 0.]
 [0. 0. 0.]]","[[0. 0. 0.]
 [0. 0. 0.]]","[[0. 0. 0.]
 [0. 0. 0.]]","[[0. 0. 0.]
 [0. 0. 0.]]","[[0. 0. 0.]
 [0. 0. 0.]]","[[0. 0. 0.]
 [0. 0. 0.]]","[[0. 0. 0.]
 [0. 0. 0.]]","[[0. 0. 0.]
 [0. 0. 0.]]","[[0. 0. 0.]
 [0. 0. 0.]]"
"[[0. 0. 0.]
 [0. 0. 0.]]","[[0. 0. 0.]
 [0. 0. 0.]]","[[0. 0. 0.]
 [0. 0. 0.]]","[[0. 0. 0.]
 [0. 0. 0.]]","[[0. 0. 0.]
 [0. 0. 0.]]","[[0. 0. 0.]
 [0. 0. 0.]]","[[0. 0. 0.]
 [0. 0. 0.]]","[[0. 0. 0.]
 [0. 0. 0.]]","[[0. 0. 0.]
 [0. 0. 0.]]","[[0. 0. 0.]
 [0. 0. 0.]]","[[0. 0. 0.]
 [0. 0. 0.]]","[[0. 0. 0.]
 [0. 0. 0.]]","[[0. 0. 0.]
 [0. 0. 0.]]","[[0. 0. 0.]
 [0. 0. 0.]]","[[0. 0. 0.]
 [0. 0. 0.]]","[[0. 0. 0.]
 [0. 0. 0.]]"
"[[0. 0. 0.]
 [0. 0. 0.]]","[[0. 0. 0.]
 [0. 0. 0.]]","[[0. 0. 0.]
 [0. 0. 0.]]","[[0. 0. 0.]
 [0. 0. 0.]]","[[0. 0. 0.]
 [0. 0. 0.]]","[[0. 0. 0.]
 [0. 0. 0.]]","[[0. 0. 0.]
 [0. 0. 0.]]","[[0. 0. 0.]
 [0. 0. 0.]]","[[0. 0. 0.]
 [0. 0. 0.]]","[[0. 0. 0.]
 [0. 0. 0.]]","[[0. 0. 0.]
 [0. 0. 0.]]","[[0. 0. 0.]
 [0. 0. 0.]]","[[0. 0. 0.]
 [0. 0. 0.]]","[[0. 0. 0.]
 [0. 0. 0.]]","[[0. 0. 0.]
 [0. 0. 0.]]","[[0. 0. 0.]
 [0. 0. 0.]]"
"[[0. 0. 0.]
 [0. 0. 0.]]","[[0. 0. 0.]
 [0. 0. 0.]]","[[0. 0. 0.]
 [0. 0. 0.]]","[[0. 0. 0.]
 [0. 0. 0.]]","[[0. 0. 0.]
 [0. 0. 0.]]","[[0. 0. 0.]
 [0. 0. 0.]]","[[0. 0. 0.]
 [0. 0. 0.]]","[[0. 0. 0.]
 [0. 0. 0.]]","[[0. 0. 0.]
 [0. 0. 0.]]","[[0. 0. 0.]
 [0. 0. 0.]]","[[0. 0. 0.]
 [0. 0. 0.]]","[[0. 0. 0.]
 [0. 0. 0.]]","[[0. 0. 0.]
 [0. 0. 0.]]","[[0. 0. 0.]
 [0. 0. 0.]]","[[0. 0. 0.]
 [0. 0. 0.]]","[[0. 0. 0.]
 [0. 0. 0.]]"
"[[0. 0. 0.]
 [0. 0. 0.]]","[[0. 0. 0.]
 [0. 0. 0.]]","[[0. 0. 0.]
 [0. 0. 0.]]","[[0. 0. 0.]
 [0. 0. 0.]]","[[0. 0. 0.]
 [0. 0. 0.]]","[[0. 0. 0.]
 [0. 0. 0.]]","[[0. 0. 0.]
 [0. 0. 0.]]","[[0. 0. 0.]
 [0. 0. 0.]]","[[0. 0. 0.]
 [0. 0. 0.]]","[[0. 0. 0.]
 [0. 0. 0.]]","[[0. 0. 0.]
 [0. 0. 0.]]","[[0. 0. 0.]
 [0. 0. 0.]]","[[0. 0. 0.]
 [0. 0. 0.]]","[[0. 0. 0.]
 [0. 0. 0.]]","[[0. 0. 0.]
 [0. 0. 0.]]","[[0. 0. 0.]
 [0. 0. 0.]]"
"[[0. 0. 0.]
 [0. 0. 0.]]","[[0. 0. 0.]
 [0. 0. 0.]]","[[0. 0. 0.]
 [0. 0. 0.]]","[[0. 0. 0.]
 [0. 0. 0.]]","[[0. 0. 0.]
 [0. 0. 0.]]","[[0. 0. 0.]
 [0. 0. 0.]]","[[0. 0. 0.]
 [0. 0. 0.]]","[[0. 0. 0.]
 [0. 0. 0.]]","[[0. 0. 0.]
 [0. 0. 0.]]","[[0. 0. 0.]
 [0. 0. 0.]]","[[0. 0. 0.]
 [0. 0. 0.]]","[[0. 0. 0.]
 [0. 0. 0.]]","[[0. 0. 0.]
 [0. 0. 0.]]","[[0. 0. 0.]
 [0. 0. 0.]]","[[0. 0. 0.]
 [0. 0. 0.]]","[[0. 0. 0.]
 [0. 0. 0.]]"
"[[0. 0. 0.]
 [0. 0. 0.]]","[[0. 0. 0.]
 [0. 0. 0.]]","[[0. 0. 0.]
 [0. 0. 0.]]","[[0. 0. 0.]
 [0. 0. 0.]]","[[0. 0. 0.]
 [0. 0. 0.]]","[[0. 0. 0.]
 [0. 0. 0.]]","[[0. 0. 0.]
 [0. 0. 0.]]","[[0. 0. 0.]
 [0. 0. 0.]]","[[0. 0. 0.]
 [0. 0. 0.]]","[[0. 0. 0.]
 [0. 0. 0.]]","[[0. 0. 0.]
 [0. 0. 0.]]","[[0. 0. 0.]
 [0. 0. 0.]]","[[0. 0. 0.]
 [0. 0. 0.]]","[[0. 0. 0.]
 [0. 0. 0.]]","[[0. 0. 0.]
 [0. 0. 0.]]","[[0. 0. 0.]
 [0. 0. 0.]]"
"[[0. 0. 0.]
 [0. 0. 0.]]","[[0. 0. 0.]
 [0. 0. 0.]]","[[0. 0. 0.]
 [0. 0. 0.]]","[[0. 0. 0.]
 [0. 0. 0.]]","[[0. 0. 0.]
 [0. 0. 0.]]","[[0. 0. 0.]
 [0. 0. 0.]]","[[0. 0. 0.]
 [0. 0. 0.]]","[[0. 0. 0.]
 [0. 0. 0.]]","[[0. 0. 0.]
 [0. 0. 0.]]","[[0. 0. 0.]
 [0. 0. 0.]]","[[0. 0. 0.]
 [0. 0. 0.]]","[[0. 0. 0.]
 [0. 0. 0.]]","[[0. 0. 0.]
 [0. 0. 0.]]","[[0. 0. 0.]
 [0. 0. 0.]]","[[0. 0. 0.]
 [0. 0. 0.]]","[[0. 0. 0.]
 [0. 0. 0.]]"
"[[0.00000000e+00 0.00000000e+00 7.22530556e-05]
 [0.00000000e+00 0.00000000e+00 0.00000000e+00]]","[[ 5.05797193e-05 -5.05797193e-05  0.00000000e+00]
 [ 0.00000000e+00  0.00000000e+00  0.00000000e+00]]","[[0. 0. 0.]
 [0. 0. 0.]]","[[0. 0. 0.]
 [0. 0. 0.]]","[[0. 0. 0.]
 [0. 0. 0.]]","[[0. 0. 0.]
 [0. 0. 0.]]","[[0. 0. 0.]
 [0. 0. 0.]]","[[0. 0. 0.]
 [0. 0. 0.]]","[[0. 0. 0.]
 [0. 0. 0.]]","[[0. 0. 0.]
 [0. 0. 0.]]","[[0. 0. 0.]
 [0. 0. 0.]]","[[0. 0. 0.]
 [0. 0. 0.]]","[[0. 0. 0.]
 [0. 0. 0.]]","[[0. 0. 0.]
 [0. 0. 0.]]","[[0. 0. 0.]
 [0. 0. 0.]]","[[0. 0. 0.]
 [0. 0. 0.]]"
"[[0.00000000e+00 0.00000000e+00 5.99566128e-04]
 [0.00000000e+00 0.00000000e+00 7.60647552e-05]]","[[ 4.17049376e-04 -4.24917044e-04  0.00000000e+00]
 [ 5.32480452e-05 -5.32480452e-05  0.00000000e+00]]","[[0. 0. 0.]
 [0. 0. 0.]]","[[0. 0. 0.]
 [0. 0. 0.]]","[[0. 0. 0.]
 [0. 0. 0.]]","[[0. 0. 0.]
 [0. 0. 0.]]","[[0. 0. 0.]
 [0. 0. 0.]]","[[0. 0. 0.]
 [0. 0. 0.]]","[[0. 0. 0.]
 [0. 0. 0.]]","[[0. 0. 0.]
 [0. 0. 0.]]","[[0. 0. 0.]
 [0. 0. 0.]]","[[0. 0. 0.]
 [0. 0. 0.]]","[[0. 0. 0.]
 [0. 0. 0.]]","[[0. 0. 0.]
 [0. 0. 0.]]","[[0. 0. 0.]
 [0. 0. 0.]]","[[0. 0. 0.]
 [0. 0. 0.]]"
"[[0.         0.         0.00187175]
 [0.         0.         0.00063598]]","[[ 0.00128214 -0.00135833  0.        ]
 [ 0.00044314 -0.00045012  0.        ]]","[[0.00000000e+00 0.00000000e+00 7.90272106e-05]
 [0.00000000e+00 0.00000000e+00 0.00000000e+00]]","[[ 5.53218697e-05 -5.53218697e-05  0.00000000e+00]
 [ 0.00000000e+00  0.00000000e+00  0.00000000e+00]]","[[0. 0. 0.]
 [0. 0. 0.]]","[[0. 0. 0.]
 [0. 0. 0.]]","[[0. 0. 0.]
 [0. 0. 0.]]","[[0. 0. 0.]
 [0. 0. 0.]]","[[0. 0. 0.]
 [0. 0. 0.]]","[[0. 0. 0.]
 [0. 0. 0.]]","[[0. 0. 0.]
 [0. 0. 0.]]","[[0. 0. 0.]
 [0. 0. 0.]]","[[0. 0. 0.]
 [0. 0. 0.]]","[[0. 0. 0.]
 [0. 0. 0.]]","[[0. 0. 0.]
 [0. 0. 0.]]","[[0. 0. 0.]
 [0. 0. 0.]]"
"[[0.         0.         0.00252414]
 [0.         0.         0.00200279]]","[[ 0.0016471  -0.00194433  0.        ]
 [ 0.00137931 -0.00144736  0.        ]]","[[0.00000000e+00 0.00000000e+00 6.65465352e-04]
 [0.00000000e+00 0.00000000e+00 8.11213021e-05]]","[[ 4.64383573e-04 -4.70375382e-04  0.00000000e+00]
 [ 5.67878086e-05 -5.67878086e-05  0.00000000e+00]]","[[0. 0. 0.]
 [0. 0. 0.]]","[[0. 0. 0.]
 [0. 0. 0.]]","[[0. 0. 0.]
 [0. 0. 0.]]","[[0. 0. 0.]
 [0. 0. 0.]]","[[0. 0. 0.]
 [0. 0. 0.]]","[[0. 0. 0.]
 [0. 0. 0.]]","[[0. 0. 0.]
 [0. 0. 0.]]","[[0. 0. 0.]
 [0. 0. 0.]]","[[0. 0. 0.]
 [0. 0. 0.]]","[[0. 0. 0.]
 [0. 0. 0.]]","[[0. 0. 0.]
 [0. 0. 0.]]","[[0. 0. 0.]
 [0. 0. 0.]]"
"[[ 0.          0.         -0.00043598]
 [ 0.          0.          0.00272212]]","[[-5.63686719e-04 -2.28186386e-05  0.00000000e+00]
 [ 1.80517834e-03 -2.07315198e-03  0.00000000e+00]]","[[0.         0.         0.00211377]
 [0.         0.         0.00068775]]","[[ 0.00146264 -0.00152141  0.        ]
 [ 0.00048059 -0.00048552  0.        ]]","[[0.000000e+00 0.000000e+00 8.235667e-05]
 [0.000000e+00 0.000000e+00 0.000000e+00]]","[[ 5.76526103e-05 -5.76526103e-05  0.00000000e+00]
 [ 0.00000000e+00  0.00000000e+00  0.00000000e+00]]","[[0. 0. 0.]
 [0. 0. 0.]]","[[0. 0. 0.]
 [0. 0. 0.]]","[[0. 0. 0.]
 [0. 0. 0.]]","[[0. 0. 0.]
 [0. 0. 0.]]","[[0. 0. 0.]
 [0. 0. 0.]]","[[0. 0. 0.]
 [0. 0. 0.]]","[[0. 0. 0.]
 [0. 0. 0.]]","[[0. 0. 0.]
 [0. 0. 0.]]","[[0. 0. 0.]
 [0. 0. 0.]]","[[0. 0. 0.]
 [0. 0. 0.]]"
"[[ 0.          0.         -0.00784126]
 [ 0.          0.         -0.00047045]]","[[-5.72351792e-03  5.27622851e-03  0.00000000e+00]
 [-5.54757227e-04  1.68829671e-05  0.00000000e+00]]","[[0.         0.         0.00290071]
 [0.         0.         0.0022032 ]]","[[ 0.00195093 -0.00218497  0.        ]
 [ 0.00153091 -0.00157973  0.        ]]","[[0.00000000e+00 0.00000000e+00 7.02815717e-04]
 [0.00000000e+00 0.00000000e+00 8.27599159e-05]]","[[ 4.91713815e-04 -4.95559906e-04  0.00000000e+00]
 [ 5.79348968e-05 -5.79348968e-05  0.00000000e+00]]","[[0. 0. 0.]
 [0. 0. 0.]]","[[0. 0. 0.]
 [0. 0. 0.]]","[[0. 0. 0.]
 [0. 0. 0.]]","[[0. 0. 0.]
 [0. 0. 0.]]","[[0. 0. 0.]
 [0. 0. 0.]]","[[0. 0. 0.]
 [0. 0. 0.]]","[[0. 0. 0.]
 [0. 0. 0.]]","[[0. 0. 0.]
 [0. 0. 0.]]","[[0. 0. 0.]
 [0. 0. 0.]]","[[0. 0. 0.]
 [0. 0. 0.]]"
"[[ 0.          0.         -0.01478559]
 [ 0.          0.         -0.00852757]]","[[-0.01010435  0.01081057  0.        ]
 [-0.00619068  0.00575867  0.        ]]","[[ 0.          0.         -0.00047666]
 [ 0.          0.          0.00305595]]","[[-5.22026786e-04  4.33188720e-05  0.00000000e+00]
 [ 2.08088118e-03 -2.27789720e-03  0.00000000e+00]]","[[0.         0.         0.00227032]
 [0.         0.         0.00071077]]","[[ 0.00158346 -0.00162201  0.        ]
 [ 0.00049784 -0.0005006   0.        ]]","[[0.00000000e+00 0.00000000e+00 8.23670186e-05]
 [0.00000000e+00 0.00000000e+00 0.00000000e+00]]","[[ 5.76598547e-05 -5.76598547e-05  0.00000000e+00]
 [ 0.00000000e+00  0.00000000e+00  0.00000000e+00]]","[[0. 0. 0.]
 [0. 0. 0.]]","[[0. 0. 0.]
 [0. 0. 0.]]","[[0. 0. 0.]
 [0. 0. 0.]]","[[0. 0. 0.]
 [0. 0. 0.]]","[[0. 0. 0.]
 [0. 0. 0.]]","[[0. 0. 0.]
 [0. 0. 0.]]","[[0. 0. 0.]
 [0. 0. 0.]]","[[0. 0. 0.]
 [0. 0. 0.]]"
"[[ 0.          0.         -0.01313848]
 [ 0.          0.         -0.01607735]]","[[-0.00804704  0.01070642  0.        ]
 [-0.01107013  0.0116771   0.        ]]","[[ 0.          0.         -0.00910706]
 [ 0.          0.         -0.00045843]]","[[-6.57638007e-03  6.17055187e-03  0.00000000e+00]
 [-4.69329139e-04  5.82277748e-05  0.00000000e+00]]","[[0.         0.         0.00318454]
 [0.         0.         0.00231485]]","[[ 0.00219227 -0.00235039  0.        ]
 [ 0.00162002 -0.00164825  0.        ]]","[[0.00000000e+00 0.00000000e+00 7.11814502e-04]
 [0.00000000e+00 0.00000000e+00 8.12195548e-05]]","[[ 4.99098838e-04 -5.00796835e-04  0.00000000e+00]
 [ 5.68565890e-05 -5.68565890e-05  0.00000000e+00]]","[[0. 0. 0.]
 [0. 0. 0.]]","[[0. 0. 0.]
 [0. 0. 0.]]","[[0. 0. 0.]
 [0. 0. 0.]]","[[0. 0. 0.]
 [0. 0. 0.]]","[[0. 0. 0.]
 [0. 0. 0.]]","[[0. 0. 0.]
 [0. 0. 0.]]","[[0. 0. 0.]
 [0. 0. 0.]]","[[0. 0. 0.]
 [0. 0. 0.]]"
"[[ 0.          0.          0.00047977]
 [ 0.          0.         -0.01413639]]","[[ 0.0021848   0.00177605  0.        ]
 [-0.00889502  0.01133321  0.        ]]","[[ 0.          0.         -0.01724353]
 [ 0.          0.         -0.00957288]]","[[-0.01194611  0.01244466  0.        ]
 [-0.00687591  0.00650863  0.        ]]","[[ 0.          0.         -0.0004211 ]
 [ 0.          0.          0.00328402]]","[[-4.01440852e-04  6.42991882e-05  0.00000000e+00]
 [ 2.28303001e-03 -2.40132595e-03  0.00000000e+00]]","[[0.         0.         0.00233691]
 [0.         0.         0.00070622]]","[[ 0.00164064 -0.00165862  0.        ]
 [ 0.00049568 -0.00049634  0.        ]]","[[0.00000000e+00 0.00000000e+00 7.93638845e-05]
 [0.00000000e+00 0.00000000e+00 0.00000000e+00]]","[[ 5.55575535e-05 -5.55575535e-05  0.00000000e+00]
 [ 0.00000000e+00  0.00000000e+00  0.00000000e+00]]","[[0. 0. 0.]
 [0. 0. 0.]]","[[0. 0. 0.]
 [0. 0. 0.]]","[[0. 0. 0.]
 [0. 0. 0.]]","[[0. 0. 0.]
 [0. 0. 0.]]","[[0. 0. 0.]
 [0. 0. 0.]]","[[0. 0. 0.]
 [0. 0. 0.]]"
"[[0.         0.         0.01922349]
 [0.         0.         0.00099488]]","[[ 0.01494547 -0.01205516  0.        ]
 [ 0.00238659  0.00136474  0.        ]]","[[ 0.          0.         -0.01512089]
 [ 0.          0.         -0.01825665]]","[[-0.00975096  0.0119151   0.        ]
 [-0.01270951  0.01310047  0.        ]]","[[ 0.          0.         -0.00992335]
 [ 0.          0.         -0.00037018]]","[[-7.08900089e-03  6.77238857e-03  0.00000000e+00]
 [-3.23158478e-04  6.43450659e-05  0.00000000e+00]]","[[0.         0.         0.00335275]
 [0.         0.         0.00233688]]","[[ 0.00235179 -0.00243005  0.        ]
 [ 0.00164555 -0.00165349  0.        ]]","[[0.00000000e+00 0.00000000e+00 6.94288070e-04]
 [0.00000000e+00 0.00000000e+00 7.68522296e-05]]","[[ 4.87784693e-04 -4.87457685e-04  0.00000000e+00]
 [ 5.37993054e-05 -5.37993054e-05  0.00000000e+00]]","[[0. 0. 0.]
 [0. 0. 0.]]","[[0. 0. 0.]
 [0. 0. 0.]]","[[0. 0. 0.]
 [0. 0. 0.]]","[[0. 0. 0.]
 [0. 0. 0.]]","[[0. 0. 0.]
 [0. 0. 0.]]","[[0. 0. 0.]
 [0. 0. 0.]]"
"[[0.         0.         0.02967937]
 [0.         0.         0.02160858]]","[[ 0.02059531 -0.02139349  0.        ]
 [ 0.01656742 -0.0136986   0.        ]]","[[ 0.          0.          0.00135128]
 [ 0.          0.         -0.0160544 ]]","[[ 0.00243363  0.00101783  0.        ]
 [-0.01058209  0.01243351  0.        ]]","[[ 0.          0.         -0.01909342]
 [ 0.          0.         -0.01015989]]","[[-0.01334279  0.01363322  0.        ]
 [-0.00721816  0.00696261  0.        ]]","[[ 0.          0.         -0.00031039]
 [ 0.          0.          0.00339001]]","[[-2.38621411e-04  6.06521152e-05  0.00000000e+00]
 [ 2.39782436e-03 -2.43639143e-03  0.00000000e+00]]","[[0.         0.         0.00231538]
 [0.         0.         0.00067639]]","[[ 0.00163514 -0.00163337  0.        ]
 [ 0.00047567 -0.00047441  0.        ]]","[[0.00000000e+00 0.00000000e+00 7.37445276e-05]
 [0.00000000e+00 0.00000000e+00 0.00000000e+00]]","[[ 5.1623803e-05 -5.1623803e-05  0.0000000e+00]
 [ 0.0000000e+00  0.0000000e+00  0.0000000e+00]]","[[0. 0. 0.]
 [0. 0. 0.]]","[[0. 0. 0.]
 [0. 0. 0.]]","[[0. 0. 0.]
 [0. 0. 0.]]","[[0. 0. 0.]
 [0. 0. 0.]]"
"[[0.         0.         0.02245176]
 [0.         0.         0.0327734 ]]","[[ 0.01336979 -0.01851036  0.        ]
 [ 0.02286519 -0.02347508  0.        ]]","[[0.         0.         0.02377705]
 [0.         0.         0.00156095]]","[[ 0.0179857  -0.01521208  0.        ]
 [ 0.00233693  0.00072451  0.        ]]","[[ 0.          0.         -0.01689386]
 [ 0.          0.         -0.01973542]]","[[-0.0113536   0.01286579  0.        ]
 [-0.01383359  0.01403307  0.        ]]","[[ 0.          0.         -0.01028529]
 [ 0.          0.         -0.00024501]]","[[-7.26717418e-03  7.08032267e-03  0.00000000e+00]
 [-1.50926233e-04  5.45869342e-05  0.00000000e+00]]","[[0.         0.         0.00339588]
 [0.         0.         0.00227332]]","[[ 0.00242097 -0.00242071  0.        ]
 [ 0.00160998 -0.00159892  0.        ]]","[[0.00000000e+00 0.00000000e+00 6.52969048e-04]
 [0.00000000e+00 0.00000000e+00 7.01100770e-05]]","[[ 4.59645898e-04 -4.57508982e-04  0.00000000e+00]
 [ 4.90795578e-05 -4.90795578e-05  0.00000000e+00]]","[[0. 0. 0.]
 [0. 0. 0.]]","[[0. 0. 0.]
 [0. 0. 0.]]","[[0. 0. 0.]
 [0. 0. 0.]]","[[0. 0. 0.]
 [0. 0. 0.]]"
"[[0.         0.         0.00059543]
 [0.         0.         0.0242292 ]]","[[-0.00317469 -0.00401675  0.        ]
 [ 0.01476844 -0.01971292  0.        ]]","[[0.         0.         0.0357954 ]
 [0.         0.         0.02568202]]","[[ 0.02506543 -0.02547261  0.        ]
 [ 0.01915986 -0.01658291  0.        ]]","[[ 0.          0.          0.00165049]
 [ 0.          0.         -0.01759741]]","[[ 0.00212062  0.00046719  0.        ]
 [-0.01203292  0.0131891   0.        ]]","[[ 0.          0.         -0.02016965]
 [ 0.          0.         -0.01030257]]","[[-0.01417448  0.0142921   0.        ]
 [-0.00724006  0.00712621  0.        ]]","[[ 0.          0.         -0.00017574]
 [ 0.          0.          0.00337122]]","[[-6.20295894e-05  4.64759416e-05  0.00000000e+00]
 [ 2.42156519e-03 -2.38385563e-03  0.00000000e+00]]","[[0.         0.         0.00221186]
 [0.         0.         0.00062455]]","[[ 0.00157082 -0.00155105  0.        ]
 [ 0.00044007 -0.00043714  0.        ]]","[[0.00000000e+00 0.00000000e+00 6.60282492e-05]
 [0.00000000e+00 0.00000000e+00 0.00000000e+00]]","[[ 4.62221326e-05 -4.62221326e-05  0.00000000e+00]
 [ 0.00000000e+00  0.00000000e+00  0.00000000e+00]]","[[0. 0. 0.]
 [0. 0. 0.]]","[[0. 0. 0.]
 [0. 0. 0.]]"
"[[ 0.          0.         -0.02178715]
 [ 0.          0.         -0.0003213 ]]","[[-0.01820155  0.01290184  0.        ]
 [-0.00376935 -0.00346683  0.        ]]","[[0.         0.         0.02615991]
 [0.         0.         0.03864419]]","[[ 0.01632598 -0.02094264  0.        ]
 [ 0.02711287 -0.02734129  0.        ]]","[[0.         0.         0.02728333]
 [0.         0.         0.00165146]]","[[ 0.02006385 -0.0177963   0.        ]
 [ 0.00181505  0.00022829  0.        ]]","[[ 0.          0.         -0.01813035]
 [ 0.          0.         -0.02038896]]","[[-0.01259338  0.01338434  0.        ]
 [-0.01436252  0.01440497  0.        ]]","[[ 0.          0.         -0.01021453]
 [ 0.          0.         -0.00010293]]","[[-7.14051517e-03  7.10054083e-03  0.00000000e+00]
 [ 2.71050010e-05  3.57339403e-05  0.00000000e+00]]","[[0.         0.         0.00331756]
 [0.         0.         0.00213252]]","[[ 0.00240039 -0.00232718  0.        ]
 [ 0.00151865 -0.00149087  0.        ]]","[[0.00000000e+00 0.00000000e+00 5.91766200e-04]
 [0.00000000e+00 0.00000000e+00 6.15878682e-05]]","[[ 4.17365899e-04 -4.13742458e-04  0.00000000e+00]
 [ 4.31137072e-05 -4.31137072e-05  0.00000000e+00]]","[[0. 0. 0.]
 [0. 0. 0.]]","[[0. 0. 0.]
 [0. 0. 0.]]"
"[[ 0.          0.         -0.03007901]
 [ 0.          0.         -0.02502819]]","[[-0.0217373   0.02126808  0.        ]
 [-0.02057772  0.01497581  0.        ]]","[[ 0.          0.         -0.00101746]
 [ 0.          0.          0.02813979]]","[[-0.00408514 -0.00299217  0.        ]
 [ 0.0179704  -0.0221295   0.        ]]","[[0.         0.         0.04119979]
 [0.         0.         0.02854539]]","[[ 0.02892238 -0.02901793  0.        ]
 [ 0.02068343 -0.01883189  0.        ]]","[[ 0.          0.          0.00159194]
 [ 0.          0.         -0.01846958]]","[[ 1.45040475e-03 -4.29868094e-06  0.00000000e+00]
 [-1.30165801e-02  1.34393667e-02  0.00000000e+00]]","[[ 0.          0.         -0.02039226]
 [ 0.          0.         -0.01002388]]","[[-0.01439875  0.01436969  0.        ]
 [-0.00697178  0.00700348  0.        ]]","[[ 0.00000000e+00  0.00000000e+00 -2.59766901e-05]
 [ 0.00000000e+00  0.00000000e+00  3.23699287e-03]]","[[ 1.16191345e-04  2.11768035e-05  0.00000000e+00]
 [ 2.35858092e-03 -2.25243890e-03  0.00000000e+00]]","[[0.         0.         0.00203715]
 [0.         0.         0.00055534]]","[[ 0.00145468 -0.00141977  0.        ]
 [ 0.00039205 -0.00038784  0.        ]]","[[0.00000000e+00 0.00000000e+00 5.68851927e-05]
 [0.00000000e+00 0.00000000e+00 0.00000000e+00]]","[[ 3.98216665e-05 -3.98216665e-05  0.00000000e+00]
 [ 0.00000000e+00  0.00000000e+00  0.00000000e+00]]"
"[[ 0.          0.         -0.0201769 ]
 [ 0.          0.         -0.03374722]]","[[-0.01223759  0.01657766  0.        ]
 [-0.02442346  0.02370285  0.        ]]","[[ 0.          0.         -0.02825359]
 [ 0.          0.         -0.00152986]]","[[-0.0227927   0.01707013  0.        ]
 [-0.00412158 -0.00252664  0.        ]]","[[0.         0.         0.0300285 ]
 [0.         0.         0.04333835]]","[[ 0.01960501 -0.02318065  0.        ]
 [ 0.0304151  -0.03042831  0.        ]]","[[0.         0.         0.02943668]
 [0.         0.         0.00149085]]","[[ 0.02101348 -0.01966331  0.        ]
 [ 0.00105186 -0.00023385  0.        ]]","[[ 0.          0.         -0.0186059 ]
 [ 0.          0.         -0.02018454]]","[[-0.01329365  0.01335092  0.        ]
 [-0.01428772  0.01418819  0.        ]]","[[ 0.00000000e+00  0.00000000e+00 -9.73373245e-03]
 [ 0.00000000e+00  0.00000000e+00  5.60140654e-05]]","[[-6.73698084e-03  6.83569627e-03  0.00000000e+00]
 [ 2.05226071e-04  1.43115151e-06  0.00000000e+00]]","[[0.         0.         0.00313208]
 [0.         0.         0.00192794]]","[[ 0.00229762 -0.00216174  0.        ]
 [ 0.0013804  -0.00133936  0.        ]]","[[0.00000000e+00 0.00000000e+00 5.16083777e-04]
 [0.00000000e+00 0.00000000e+00 5.20207160e-05]]","[[ 3.64682382e-04 -3.60006540e-04  0.00000000e+00]
 [ 3.64163591e-05 -3.64163591e-05  0.00000000e+00]]"
"[[ 0.          0.         -0.00090789]
 [ 0.          0.         -0.0221952 ]]","[[ 0.00266428  0.00371447  0.        ]
 [-0.01355609  0.01809545  0.        ]]","[[ 0.          0.         -0.03771922]
 [ 0.          0.         -0.03138891]]","[[-0.02722415  0.02632735  0.        ]
 [-0.0247577   0.01919867  0.        ]]","[[ 0.          0.         -0.00191025]
 [ 0.          0.          0.03167785]]","[[-0.00390786 -0.00200578  0.        ]
 [ 0.02112528 -0.02399994  0.        ]]","[[0.         0.         0.04494834]
 [0.         0.         0.02993125]]","[[ 0.03152599 -0.03149793  0.        ]
 [ 0.02105591 -0.02026071  0.        ]]","[[ 0.          0.          0.00135549]
 [ 0.          0.         -0.01854401]]","[[ 0.00063671 -0.00045399  0.        ]
 [-0.013425    0.01312509  0.        ]]","[[ 0.          0.         -0.01977641]
 [ 0.          0.         -0.00934841]]","[[-0.01403695  0.01386658  0.        ]
 [-0.00643959  0.006599    0.        ]]","[[0.         0.         0.00014369]
 [0.         0.         0.00300571]]","[[ 2.94104559e-04 -2.46504769e-05  0.00000000e+00]
 [ 2.21926078e-03 -2.05745190e-03  0.00000000e+00]]","[[0.         0.         0.0018074 ]
 [0.         0.         0.00047486]]","[[ 0.00129751 -0.00125148  0.        ]
 [ 0.00032887 -0.00033085  0.        ]]"
"[[ 0.          0.          0.01382903]
 [ 0.          0.         -0.00042537]]","[[ 0.01264287 -0.00765571  0.        ]
 [ 0.00338746  0.00374019  0.        ]]","[[ 0.          0.         -0.0246292 ]
 [ 0.          0.         -0.04182273]]","[[-0.01518806  0.01986045  0.        ]
 [-0.03001197  0.02905964  0.        ]]","[[ 0.          0.         -0.03431702]
 [ 0.          0.         -0.00220365]]","[[-0.02638836  0.02132916  0.        ]
 [-0.00348983 -0.00138775  0.        ]]","[[0.         0.         0.03295899]
 [0.         0.         0.04594513]]","[[ 0.02243522 -0.02450711  0.        ]
 [ 0.03220997 -0.03216379  0.        ]]","[[0.         0.         0.03001157]
 [0.         0.         0.00118214]]","[[ 0.02081834 -0.02059518  0.        ]
 [ 0.00021367 -0.00065012  0.        ]]","[[ 0.          0.         -0.01830068]
 [ 0.          0.         -0.01918345]]","[[-0.01341898  0.01277636  0.        ]
 [-0.01365644  0.01341508  0.        ]]","[[ 0.          0.         -0.00887419]
 [ 0.          0.          0.00023696]]","[[-6.08402170e-03  6.29696135e-03  0.00000000e+00]
 [ 3.82320558e-04 -5.76479775e-05  0.00000000e+00]]","[[0.         0.         0.00286102]
 [0.         0.         0.00169355]]","[[ 0.00211478 -0.00194209  0.        ]
 [ 0.00116648 -0.00116882  0.        ]]"
"[[0.         0.         0.01602085]
 [0.         0.         0.01604659]]","[[ 0.01262485 -0.01088731  0.        ]
 [ 0.01467013 -0.00878156  0.        ]]","[[ 0.00000000e+00  0.00000000e+00 -7.06936308e-05]
 [ 0.00000000e+00  0.00000000e+00 -2.72816097e-02]]","[[ 0.00386055  0.00382428  0.        ]
 [-0.01705062  0.02169795  0.        ]]","[[ 0.          0.         -0.04579688]
 [ 0.          0.         -0.03688733]]","[[-0.03262536  0.0317447   0.        ]
 [-0.02760907  0.02337987  0.        ]]","[[ 0.          0.         -0.00243302]
 [ 0.          0.          0.03378288]]","[[-0.0029172  -0.00066625  0.        ]
 [ 0.02346048 -0.02465245  0.        ]]","[[0.         0.         0.04628151]
 [0.         0.         0.02967173]]","[[ 0.03244579 -0.03238438  0.        ]
 [ 0.02031357 -0.02064397  0.        ]]","[[ 0.          0.          0.00095905]
 [ 0.          0.         -0.01790131]]","[[-0.00021606 -0.00080253  0.        ]
 [-0.01328968  0.01232537  0.        ]]","[[ 0.          0.         -0.01842522]
 [ 0.          0.         -0.0083198 ]]","[[-0.01315817  0.01284749  0.        ]
 [-0.00568695  0.0059353   0.        ]]","[[0.         0.         0.00035014]
 [0.         0.         0.0028039 ]]","[[ 0.00039707 -0.00010815  0.        ]
 [ 0.00195076 -0.00189386  0.        ]]"
"[[0.         0.         0.00834536]
 [0.         0.         0.01841024]]","[[ 0.00557907 -0.00666918  0.        ]
 [ 0.01449081 -0.01236082  0.        ]]","[[0.         0.         0.0186664 ]
 [0.         0.         0.00027788]]","[[ 0.01673317 -0.01020981  0.        ]
 [ 0.00406693  0.00377412  0.        ]]","[[ 0.          0.         -0.02988851]
 [ 0.          0.         -0.04933913]]","[[-0.01900923  0.02338825  0.        ]
 [-0.03489194  0.03418265  0.        ]]","[[ 0.          0.         -0.03893557]
 [ 0.          0.         -0.00259332]]","[[-0.02835808  0.0252305   0.        ]
 [-0.00223391  0.000127    0.        ]]","[[0.         0.         0.03411109]
 [0.         0.         0.04595256]]","[[ 0.02415633 -0.02442456  0.        ]
 [ 0.03223708 -0.03214626  0.        ]]","[[0.         0.         0.02891984]
 [0.         0.         0.0006708 ]]","[[ 0.01955928 -0.020395    0.        ]
 [-0.00065644 -0.00089041  0.        ]]","[[ 0.          0.         -0.01737577]
 [ 0.          0.         -0.01751136]]","[[-0.01306326  0.01179615  0.        ]
 [-0.01263246  0.01217149  0.        ]]","[[ 0.          0.         -0.00758972]
 [ 0.          0.          0.00064796]]","[[-0.0053696   0.00544496  0.        ]
 [ 0.00055122 -0.00032116  0.        ]]"
"[[ 0.          0.         -0.00028563]
 [ 0.          0.          0.00976775]]","[[-0.00145865 -0.00080682  0.        ]
 [ 0.00623993 -0.00786108  0.        ]]","[[0.         0.         0.02155412]
 [0.         0.         0.02165862]]","[[ 0.01666002 -0.01440435  0.        ]
 [ 0.01873135 -0.0120312   0.        ]]","[[ 0.          0.          0.00071052]
 [ 0.          0.         -0.0321814 ]]","[[ 0.00401629  0.00343503  0.        ]
 [-0.0209063   0.02471937  0.        ]]","[[ 0.          0.         -0.05215986]
 [ 0.          0.         -0.0403096 ]]","[[-0.03665369  0.03616742  0.        ]
 [-0.02859338  0.02674392  0.        ]]","[[ 0.          0.         -0.00265514]
 [ 0.          0.          0.03395623]]","[[-0.00147294  0.00092935  0.        ]
 [ 0.02451    -0.02385016  0.        ]]","[[0.         0.         0.04499435]
 [0.         0.         0.02777905]]","[[ 0.03161061 -0.03146575  0.        ]
 [ 0.01857118 -0.01984984  0.        ]]","[[ 0.          0.          0.00031244]
 [ 0.          0.         -0.01666254]]","[[-0.00118017 -0.0009024   0.        ]
 [-0.01290446  0.01114857  0.        ]]","[[ 0.          0.         -0.01627399]
 [ 0.          0.         -0.00696622]]","[[-0.01188537  0.01125389  0.        ]
 [-0.00460188  0.00495307  0.        ]]"
"[[ 0.00000000e+00  0.00000000e+00 -3.29064002e-03]
 [ 0.00000000e+00  0.00000000e+00  3.94051868e-05]]","[[-0.0037898   0.00166522  0.        ]
 [-0.00198333 -0.00153608  0.        ]]","[[0.         0.         0.01178631]
 [0.         0.         0.02526353]]","[[ 0.00722549 -0.00954753  0.        ]
 [ 0.01901964 -0.01691694  0.        ]]","[[0.         0.         0.02485171]
 [0.         0.         0.00125272]]","[[ 0.02053643 -0.01421215  0.        ]
 [ 0.00373182  0.00273529  0.        ]]","[[ 0.          0.         -0.03394279]
 [ 0.          0.         -0.05403145]]","[[-0.02259091  0.02553339  0.        ]
 [-0.03778936  0.03752587  0.        ]]","[[ 0.          0.         -0.040895  ]
 [ 0.          0.         -0.00257516]]","[[-0.02829819  0.02779218  0.        ]
 [-0.00065549  0.00166108  0.        ]]","[[0.         0.         0.03337371]
 [0.         0.         0.04348365]]","[[ 0.02453329 -0.02298711  0.        ]
 [ 0.03056073 -0.03039059  0.        ]]","[[0.00000000e+00 0.00000000e+00 2.63565841e-02]
 [0.00000000e+00 0.00000000e+00 5.56679775e-05]]","[[ 0.01723141 -0.01907268  0.        ]
 [-0.00164752 -0.00095674  0.        ]]","[[ 0.          0.         -0.01602485]
 [ 0.          0.         -0.01593294]]","[[-0.01194971  0.01052227  0.        ]
 [-0.01083152  0.0109482   0.        ]]"
"[[ 0.          0.         -0.00106508]
 [ 0.          0.         -0.00355094]]","[[-0.00204961  0.00036475  0.        ]
 [-0.00471326  0.00132963  0.        ]]","[[0.         0.         0.00034877]
 [0.         0.         0.01412616]]","[[-0.00241918 -0.00232832  0.        ]
 [ 0.00848023 -0.01145139  0.        ]]","[[0.         0.         0.02918169]
 [0.         0.         0.02796264]]","[[ 0.0213898  -0.01965537  0.        ]
 [ 0.02200731 -0.01659666  0.        ]]","[[ 0.          0.          0.00185612]
 [ 0.          0.         -0.03504218]]","[[ 0.00323922  0.00170387  0.        ]
 [-0.02394286  0.02575519  0.        ]]","[[ 0.          0.         -0.05482189]
 [ 0.          0.         -0.04063427]]","[[-0.03823003  0.03814781  0.        ]
 [-0.02748722  0.02828007  0.        ]]","[[ 0.          0.         -0.00230518]
 [ 0.          0.          0.03249715]]","[[ 0.00017041  0.00223887  0.        ]
 [ 0.02414275 -0.02194619  0.        ]]","[[0.         0.         0.04166523]
 [0.         0.         0.02454745]]","[[ 0.02921447 -0.02908384  0.        ]
 [ 0.01649953 -0.01800127  0.        ]]","[[ 0.          0.         -0.00137559]
 [ 0.          0.         -0.01651359]]","[[-0.00135257 -0.00018371  0.        ]
 [-0.01154577  0.01095569  0.        ]]"
"[[ 0.          0.          0.00160236]
 [ 0.          0.         -0.00149018]]","[[ 0.00011527 -0.00157799  0.        ]
 [-0.00262672  0.00041699  0.        ]]","[[ 0.         0.        -0.0044708]
 [ 0.         0.         0.0004104]]","[[-0.0058362   0.00145652  0.        ]
 [-0.00274632 -0.00286702  0.        ]]","[[0.         0.         0.01644752]
 [0.         0.         0.03287183]]","[[ 0.0098922  -0.01323783  0.        ]
 [ 0.02355756 -0.02229822  0.        ]]","[[0.         0.         0.0306573 ]
 [0.         0.         0.00241447]]","[[ 0.0230102  -0.01894332  0.        ]
 [ 0.00256135  0.00045831  0.        ]]","[[ 0.          0.         -0.03544676]
 [ 0.          0.         -0.054505  ]]","[[-0.02488858  0.0253987   0.        ]
 [-0.03798949  0.03799908  0.        ]]","[[ 0.          0.         -0.03950252]
 [ 0.          0.         -0.0016969 ]]","[[-0.02629487  0.02813917  0.        ]
 [ 0.00100704  0.00252606  0.        ]]","[[0.         0.         0.03135242]
 [0.         0.         0.03855095]]","[[ 0.02417524 -0.02075246  0.        ]
 [ 0.02870015 -0.02689176  0.        ]]","[[ 0.          0.          0.02112239]
 [ 0.          0.         -0.00239382]]","[[ 0.01510962 -0.01562523  0.        ]
 [-0.00242135  0.00085138  0.        ]]"
"[[0.         0.         0.00149527]
 [0.         0.         0.00102862]]","[[ 4.41944729e-04 -1.61622493e-03  0.00000000e+00]
 [ 5.06084467e-05 -1.04713264e-03  0.00000000e+00]]","[[ 0.          0.         -0.00279593]
 [ 0.          0.         -0.00611404]]","[[-0.0035134   0.00119889  0.        ]
 [-0.00709722  0.00221489  0.        ]]","[[0.         0.         0.00010122]
 [0.         0.         0.01844102]]","[[-0.00294631 -0.00292265  0.        ]
 [ 0.0113233  -0.01461072  0.        ]]","[[0.         0.         0.03591763]
 [0.         0.         0.03262244]]","[[ 0.02531696 -0.02452592  0.        ]
 [ 0.02343932 -0.02098344  0.        ]]","[[ 0.          0.          0.0027983 ]
 [ 0.          0.         -0.03518869]]","[[ 0.00170367 -0.00083091  0.        ]
 [-0.02546878  0.02453927  0.        ]]","[[ 0.          0.         -0.0530745 ]
 [ 0.          0.         -0.03758196]]","[[-0.0371402   0.03707646  0.        ]
 [-0.0242187   0.02740823  0.        ]]","[[ 0.          0.         -0.00154701]
 [ 0.          0.          0.02871648]]","[[ 0.00298972  0.00301679  0.        ]
 [ 0.02381717 -0.01857899  0.        ]]","[[0.         0.         0.0356918 ]
 [0.         0.         0.02054881]]","[[ 0.02571025 -0.02452589  0.        ]
 [ 0.0127592  -0.0149754   0.        ]]"
"[[ 0.          0.         -0.00039945]
 [ 0.          0.          0.00068877]]","[[-0.00031984 -0.00010374  0.        ]
 [ 0.0005956  -0.00067173  0.        ]]","[[ 0.00000000e+00  0.00000000e+00 -8.97613609e-05]
 [ 0.00000000e+00  0.00000000e+00 -4.82925791e-03]]","[[-1.95586973e-04  4.44481394e-05  0.00000000e+00]
 [-4.65503127e-03  2.61739921e-03  0.00000000e+00]]","[[ 0.          0.         -0.00831793]
 [ 0.          0.         -0.00055561]]","[[-0.00838021  0.00358011  0.        ]
 [-0.00299555 -0.00241833  0.        ]]","[[0.         0.         0.01989885]
 [0.         0.         0.0380072 ]]","[[ 0.01264046 -0.01538567  0.        ]
 [ 0.02649538 -0.02609227  0.        ]]","[[0.         0.         0.03364162]
 [0.         0.         0.00294696]]","[[ 0.02319103 -0.02248959  0.        ]
 [ 0.00064658 -0.00201233  0.        ]]","[[ 0.          0.         -0.0343588 ]
 [ 0.          0.         -0.05121853]]","[[-0.02533779  0.02332666  0.        ]
 [-0.03475305  0.03584128  0.        ]]","[[ 0.          0.         -0.03617022]
 [ 0.          0.         -0.00096767]]","[[-0.02165332  0.02684276  0.        ]
 [ 0.00250013  0.00319229  0.        ]]","[[0.         0.         0.02948369]
 [0.         0.         0.03606147]]","[[ 0.02110558 -0.01860025  0.        ]
 [ 0.02345047 -0.02509196  0.        ]]"
"[[ 0.          0.         -0.00160761]
 [ 0.          0.         -0.00121823]]","[[-0.00059243  0.00117698  0.        ]
 [-0.00022889  0.00086459  0.        ]]","[[ 0.00000000e+00  0.00000000e+00 -4.04348612e-05]
 [ 0.00000000e+00  0.00000000e+00 -1.45441758e-03]]","[[ 0.00079425  0.00035504  0.        ]
 [-0.00060108  0.00138646  0.        ]]","[[ 0.          0.         -0.00724548]
 [ 0.          0.         -0.01074819]]","[[-0.00592819  0.00440017  0.        ]
 [-0.0095349   0.00535286  0.        ]]","[[ 0.          0.         -0.00140674]
 [ 0.          0.          0.02075071]]","[[-0.00287055 -0.00143934  0.        ]
 [ 0.01370952 -0.01552458  0.        ]]","[[0.         0.         0.0390153 ]
 [0.         0.         0.03364316]]","[[ 0.02695171 -0.02688452  0.        ]
 [ 0.02246894 -0.02330193  0.        ]]","[[ 0.          0.          0.00246995]
 [ 0.          0.         -0.03404308]]","[[ 0.00022264 -0.00271518  0.        ]
 [-0.02439064  0.022413    0.        ]]","[[ 0.          0.         -0.04884578]
 [ 0.          0.         -0.03123069]]","[[-0.03398452  0.03413284  0.        ]
 [-0.02190791  0.02392539  0.        ]]","[[0.         0.         0.00363615]
 [0.         0.         0.03020756]]","[[ 0.00250464  0.00011673  0.        ]
 [ 0.0206212  -0.0199892   0.        ]]"
"[[ 0.          0.         -0.00145776]
 [ 0.          0.         -0.00199339]]","[[-0.00021746  0.00140904  0.        ]
 [-0.00058103  0.00167285  0.        ]]","[[ 0.          0.         -0.00149036]
 [ 0.          0.         -0.00041266]]","[[3.98257068e-05 1.45235595e-03 0.00000000e+00]
 [1.03258842e-03 1.12178913e-03 0.00000000e+00]]","[[ 0.          0.         -0.00274635]
 [ 0.          0.         -0.00962807]]","[[-0.00111074  0.00262532  0.        ]
 [-0.00717617  0.00619864  0.        ]]","[[ 0.          0.         -0.01299751]
 [ 0.          0.         -0.00220369]]","[[-0.01042661  0.00722913  0.        ]
 [-0.00258296 -0.00020111  0.        ]]","[[0.         0.         0.02107009]
 [0.         0.         0.03876772]]","[[ 0.01456274 -0.01511329  0.        ]
 [ 0.02723641 -0.02676944  0.        ]]","[[0.         0.         0.03195739]
 [0.         0.         0.00119356]]","[[ 0.02175842 -0.02302747  0.        ]
 [-0.00162884 -0.00296611  0.        ]]","[[ 0.          0.         -0.03132163]
 [ 0.          0.         -0.04222529]]","[[-0.02635157  0.02005594  0.        ]
 [-0.03314737  0.02961057  0.        ]]","[[ 0.          0.         -0.02616973]
 [ 0.          0.          0.00380897]]","[[-0.01848152  0.01995499  0.        ]
 [ 0.00449764 -0.00075754  0.        ]]"
"[[ 0.          0.         -0.00085714]
 [ 0.          0.         -0.0012158 ]]","[[ 3.36151881e-05  1.00663421e-03  0.00000000e+00]
 [-1.87946506e-04  1.24971886e-03  0.00000000e+00]]","[[ 0.          0.         -0.00177732]
 [ 0.          0.         -0.00111368]]","[[-0.00042475  0.00161561  0.        ]
 [ 0.00047146  0.00148972  0.        ]]","[[ 0.          0.         -0.00031212]
 [ 0.          0.         -0.00373137]]","[[ 0.00128286  0.00141023  0.        ]
 [-0.00167075  0.0034863   0.        ]]","[[ 0.          0.         -0.01159585]
 [ 0.          0.         -0.01467272]]","[[-0.00827269  0.00769375  0.        ]
 [-0.0108956   0.00889496  0.        ]]","[[ 0.          0.         -0.00279812]
 [ 0.          0.          0.02049791]]","[[-0.00174531  0.00111117  0.        ]
 [ 0.01569177 -0.01410207  0.        ]]","[[0.         0.         0.03698941]
 [0.         0.         0.03061157]]","[[ 0.02622314 -0.02584473  0.        ]
 [ 0.01776301 -0.02290746  0.        ]]","[[ 0.          0.          0.00291034]
 [ 0.          0.         -0.02808327]]","[[-0.00465493 -0.00466798  0.        ]
 [-0.0243478   0.01730377  0.        ]]","[[ 0.          0.         -0.04065345]
 [ 0.          0.         -0.02666701]]","[[-0.02827253  0.02792338  0.        ]
 [-0.01502834  0.02048435  0.        ]]"
"[[ 0.          0.         -0.00042131]
 [ 0.          0.         -0.00026777]]","[[-7.38681979e-05  4.97000832e-04  0.00000000e+00]
 [ 8.76806629e-05  4.55714129e-04  0.00000000e+00]]","[[ 0.          0.         -0.0006615 ]
 [ 0.          0.         -0.00108245]]","[[-0.00013007  0.0006994   0.        ]
 [-0.00013669  0.00109311  0.        ]]","[[ 0.          0.         -0.00021371]
 [ 0.          0.          0.00020066]]","[[0.00099278 0.00101224 0.        ]
 [0.00147607 0.00118063 0.        ]]","[[ 0.          0.         -0.00429456]
 [ 0.          0.         -0.01293558]]","[[-0.00222367  0.00384601  0.        ]
 [-0.00887152  0.00872059  0.        ]]","[[ 0.          0.         -0.01582698]
 [ 0.          0.         -0.00348922]]","[[-0.01038218  0.01024085  0.        ]
 [-0.00083038  0.00232386  0.        ]]","[[0.         0.         0.02011265]
 [0.         0.         0.03702166]]","[[ 0.01438623 -0.01336742  0.        ]
 [ 0.02282293 -0.02566827  0.        ]]","[[ 0.          0.          0.02979356]
 [ 0.          0.         -0.00015278]]","[[ 0.01630858 -0.02260615  0.        ]
 [-0.00271864 -0.00336365  0.        ]]","[[ 0.         0.        -0.03105  ]
 [ 0.         0.        -0.0410462]]","[[-0.02127483  0.01921352  0.        ]
 [-0.02547798  0.02936115  0.        ]]"
"[[ 0.00000000e+00  0.00000000e+00 -6.67764441e-05]
 [ 0.00000000e+00  0.00000000e+00  5.92020548e-05]]","[[-1.62057646e-04  4.58299952e-05  0.00000000e+00]
 [-5.87093113e-05 -1.90656296e-05  0.00000000e+00]]","[[ 0.00000000e+00  0.00000000e+00  2.68319920e-04]
 [ 0.00000000e+00  0.00000000e+00 -4.57516018e-05]]","[[ 8.97952941e-05 -1.57291730e-04  0.00000000e+00]
 [-5.62662337e-05  1.68067737e-05  0.00000000e+00]]","[[ 0.          0.         -0.00016063]
 [ 0.          0.          0.00095251]]","[[0.00021354 0.00033928 0.        ]
 [0.00149425 0.00020894 0.        ]]","[[ 0.          0.          0.00092654]
 [ 0.          0.         -0.00464631]]","[[ 0.00167753  0.00057417  0.        ]
 [-0.00233992  0.00381983  0.        ]]","[[ 0.          0.         -0.01397669]
 [ 0.          0.         -0.0160722 ]]","[[-0.00891525  0.009292    0.        ]
 [-0.01075171  0.01079128  0.        ]]","[[ 0.          0.         -0.0018996 ]
 [ 0.          0.          0.02131885]]","[[-0.00186752  0.00232915  0.        ]
 [ 0.01424619 -0.01306835  0.        ]]","[[0.         0.         0.03357072]
 [0.         0.         0.02248844]]","[[ 0.02406657 -0.0233239   0.        ]
 [ 0.01669049 -0.01819454  0.        ]]","[[ 0.          0.         -0.00523747]
 [ 0.          0.         -0.03066094]]","[[-0.00347749  0.00054755  0.        ]
 [-0.02084405  0.02026687  0.        ]]"
"[[0.00000000e+00 0.00000000e+00 2.44999482e-04]
 [0.00000000e+00 0.00000000e+00 8.08476560e-05]]","[[-4.71455057e-05 -2.65230352e-04  0.00000000e+00]
 [-1.94435486e-04 -1.88626938e-04  0.00000000e+00]]","[[0.         0.         0.00027473]
 [0.         0.         0.00054573]]","[[-9.99154618e-05 -3.28198492e-04  0.00000000e+00]
 [ 2.29312068e-05 -5.89991779e-04  0.00000000e+00]]","[[0.         0.         0.0004326 ]
 [0.         0.         0.00073371]]","[[ 2.74947565e-06 -5.43071701e-04  0.00000000e+00]
 [ 6.12045330e-04 -3.78640004e-04  0.00000000e+00]]","[[0.         0.         0.00199393]
 [0.         0.         0.00130059]]","[[ 0.00216289 -0.00062842  0.        ]
 [ 0.00204808 -0.00012855  0.        ]]","[[ 0.          0.         -0.00496766]
 [ 0.          0.         -0.01326563]]","[[-0.00310638  0.00340542  0.        ]
 [-0.0105435   0.00885654  0.        ]]","[[ 0.          0.         -0.01356306]
 [ 0.          0.         -0.00106698]]","[[-0.01061522  0.01028261  0.        ]
 [ 0.00147625  0.0029041   0.        ]]","[[0.         0.         0.01717486]
 [0.         0.         0.02724192]]","[[ 0.01701927 -0.01020427  0.        ]
 [ 0.02252418 -0.01907761  0.        ]]","[[ 0.          0.          0.0189085 ]
 [ 0.          0.         -0.00425747]]","[[ 0.01273951 -0.01522337  0.        ]
 [-0.0055042   0.00038977  0.        ]]"
"[[0.         0.         0.00030172]
 [0.         0.         0.00013499]]","[[ 6.95707928e-05 -3.06403692e-04  0.00000000e+00]
 [-7.97285469e-05 -2.26000587e-04  0.00000000e+00]]","[[ 0.00000000e+00  0.00000000e+00 -2.88649397e-05]
 [ 0.00000000e+00  0.00000000e+00  1.90939089e-04]]","[[-0.00025379 -0.00014452  0.        ]
 [-0.00021547 -0.00035203  0.        ]]","[[0.         0.         0.00053149]
 [0.         0.         0.00064141]]","[[-7.41965566e-05 -7.28210559e-04  0.00000000e+00]
 [ 2.24841794e-04 -8.05696182e-04  0.00000000e+00]]","[[0.         0.         0.00119453]
 [0.         0.         0.002457  ]]","[[ 0.00127912 -0.00082685  0.        ]
 [ 0.00240915 -0.00133684  0.        ]]","[[ 0.          0.          0.00194121]
 [ 0.          0.         -0.00346837]]","[[ 0.00068052 -0.00107445  0.        ]
 [-0.00469993  0.00244875  0.        ]]","[[ 0.          0.         -0.0118159 ]
 [ 0.          0.         -0.01433126]]","[[-0.00885437  0.00846171  0.        ]
 [-0.00619851  0.01102407  0.        ]]","[[ 0.          0.         -0.00336788]
 [ 0.          0.          0.01588001]]","[[ 0.00354505  0.00449649  0.        ]
 [ 0.01452061 -0.00891248  0.        ]]","[[0.         0.         0.0273131 ]
 [0.         0.         0.01966257]]","[[ 0.01809516 -0.01896719  0.        ]
 [ 0.00971427 -0.01636307  0.        ]]"
"[[0.00000000e+00 0.00000000e+00 8.71672315e-05]
 [0.00000000e+00 0.00000000e+00 1.13535238e-04]]","[[ 5.11122465e-05 -1.07830830e-04  0.00000000e+00]
 [ 5.48955266e-05 -1.31122560e-04  0.00000000e+00]]","[[ 0.00000000e+00  0.00000000e+00 -7.87750553e-05]
 [ 0.00000000e+00  0.00000000e+00 -2.68984422e-04]]","[[-1.20632782e-04 -2.39920059e-05  0.00000000e+00]
 [-3.35243055e-04  8.32771265e-05  0.00000000e+00]]","[[ 0.00000000e+00  0.00000000e+00 -9.78881236e-05]
 [ 0.00000000e+00  0.00000000e+00  1.73867294e-04]]","[[-2.64435054e-04 -1.49281384e-04  0.00000000e+00]
 [ 9.86879685e-05 -5.66579410e-04  0.00000000e+00]]","[[0.         0.         0.00035408]
 [0.         0.         0.00149572]]","[[ 0.00047993 -0.00076023  0.        ]
 [ 0.00079215 -0.00114966  0.        ]]","[[0.         0.         0.00380561]
 [0.         0.         0.00324277]]","[[ 0.00107453 -0.00211251  0.        ]
 [ 0.00062493 -0.00175096  0.        ]]","[[ 0.          0.         -0.00436379]
 [ 0.          0.         -0.01389146]]","[[-0.00218466  0.00258935  0.        ]
 [-0.00640316  0.00907129  0.        ]]","[[ 0.          0.         -0.01359913]
 [ 0.          0.          0.0005481 ]]","[[-0.00635851  0.01065985  0.        ]
 [ 0.00159194  0.002458    0.        ]]","[[0.         0.         0.0190167 ]
 [0.         0.         0.02718098]]","[[ 0.01237987 -0.01134348  0.        ]
 [ 0.01591924 -0.02018254  0.        ]]"
"[[ 0.00000000e+00  0.00000000e+00 -1.37364054e-04]
 [ 0.00000000e+00  0.00000000e+00 -4.20384715e-05]]","[[-1.56190659e-05  1.13655796e-04  0.00000000e+00]
 [ 3.39206072e-05  5.29114528e-05  0.00000000e+00]]","[[ 0.00000000e+00  0.00000000e+00 -1.20758295e-05]
 [ 0.00000000e+00  0.00000000e+00 -2.41018760e-04]]","[[ 3.96354455e-05  2.86618553e-05  0.00000000e+00]
 [-1.00644364e-04  1.87681053e-04  0.00000000e+00]]","[[ 0.          0.         -0.00057614]
 [ 0.          0.         -0.0006541 ]]","[[-0.00020986  0.00036032  0.        ]
 [-0.0001222   0.00015125  0.        ]]","[[ 0.          0.         -0.00033856]
 [ 0.          0.          0.0007739 ]]","[[-0.00029883 -0.00032721  0.        ]
 [-0.00066746 -0.00074323  0.        ]]","[[0.         0.         0.00285895]
 [0.         0.         0.00376835]]","[[ 0.00043792 -0.00133857  0.        ]
 [ 0.00292006 -0.00203872  0.        ]]","[[ 0.          0.          0.00048975]
 [ 0.          0.         -0.00616355]]","[[ 0.00247289 -0.00114534  0.        ]
 [-0.00312861  0.00277765  0.        ]]","[[ 0.          0.         -0.01084123]
 [ 0.          0.         -0.00771531]]","[[-0.00854677  0.00732214  0.        ]
 [-0.00667149  0.00716009  0.        ]]","[[0.         0.         0.00408898]
 [0.         0.         0.01800597]]","[[ 0.00263748 -0.00044768  0.        ]
 [ 0.01205392 -0.011782    0.        ]]"
"[[ 0.          0.         -0.00017256]
 [ 0.          0.         -0.000147  ]]","[[-3.35091904e-05  1.78847145e-04  0.00000000e+00]
 [-3.90913491e-05  1.63596108e-04  0.00000000e+00]]","[[ 0.00000000e+00  0.00000000e+00 -4.27025402e-05]
 [ 0.00000000e+00  0.00000000e+00 -4.52322409e-05]]","[[4.14063263e-05 9.72339431e-05 0.00000000e+00]
 [1.82046704e-04 9.17557339e-05 0.00000000e+00]]","[[ 0.          0.         -0.00044906]
 [ 0.          0.         -0.00096648]]","[[ 0.00015235  0.00031669  0.        ]
 [-0.00030764  0.00051585  0.        ]]","[[ 0.          0.         -0.00070158]
 [ 0.          0.          0.00045423]]","[[-0.00110794  0.00025772  0.        ]
 [-0.00125389 -0.00021079  0.        ]]","[[0.         0.         0.00129193]
 [0.         0.         0.00117537]]","[[ 0.00051952 -0.00040888  0.        ]
 [ 0.00298428 -0.00066302  0.        ]]","[[0.         0.         0.00108364]
 [0.         0.         0.00056482]]","[[ 0.00283608 -0.00142393  0.        ]
 [-0.00086375 -0.0015892   0.        ]]","[[ 0.          0.         -0.00267053]
 [ 0.          0.         -0.0070853 ]]","[[-0.00545627  0.00079055  0.        ]
 [-0.00716839  0.00490018  0.        ]]","[[ 0.          0.         -0.00637548]
 [ 0.          0.          0.00281021]]","[[-0.00379283  0.00593578  0.        ]
 [ 0.00383364  0.0001657   0.        ]]"
"[[ 0.00000000e+00  0.00000000e+00 -6.21209999e-05]
 [ 0.00000000e+00  0.00000000e+00 -8.76015183e-05]]","[[-1.56719176e-05  9.11850251e-05  0.00000000e+00]
 [-3.55206022e-05  1.20197506e-04  0.00000000e+00]]","[[ 0.00000000e+00  0.00000000e+00 -9.27023252e-05]
 [ 0.00000000e+00  0.00000000e+00 -6.95715133e-05]]","[[2.52139319e-05 1.22946678e-04 0.00000000e+00]
 [2.60966202e-04 5.46774166e-05 0.00000000e+00]]","[[ 0.          0.         -0.00018231]
 [ 0.          0.         -0.00042184]]","[[ 3.20030021e-04  4.46814198e-05  0.00000000e+00]
 [-4.15800667e-04  2.39542600e-04  0.00000000e+00]]","[[ 0.          0.         -0.00026733]
 [ 0.          0.          0.00012638]]","[[-0.00138355  0.00040755  0.        ]
 [-0.00088401  0.00033181  0.        ]]","[[ 0.          0.         -0.00040199]
 [ 0.          0.         -0.00107929]]","[[0.00099366 0.00031331 0.        ]
 [0.00186882 0.00032316 0.        ]]","[[0.         0.         0.00051413]
 [0.         0.         0.00326704]]","[[ 0.00090895 -0.00057758  0.        ]
 [-0.00034762 -0.00244437  0.        ]]","[[ 0.          0.          0.00252974]
 [ 0.          0.         -0.00311523]]","[[-0.00150459 -0.00272268  0.        ]
 [-0.00343935  0.00086243  0.        ]]","[[ 0.          0.         -0.00844216]
 [ 0.          0.         -0.00707126]]","[[-0.00475251  0.00596739  0.        ]
 [-0.00220401  0.00709402  0.        ]]"
"[[0.00000000e+00 0.00000000e+00 3.24667645e-05]
 [0.00000000e+00 0.00000000e+00 2.21207313e-05]]","[[-8.42932487e-06 -1.64201358e-05  0.00000000e+00]
 [ 3.41226637e-05  1.09296770e-05  0.00000000e+00]]","[[ 0.00000000e+00  0.00000000e+00 -7.73645728e-05]
 [ 0.00000000e+00  0.00000000e+00 -2.20559328e-04]]","[[1.25455375e-04 6.20564237e-05 0.00000000e+00]
 [1.99504251e-04 6.68341167e-05 0.00000000e+00]]","[[ 0.          0.         -0.00013276]
 [ 0.          0.          0.00033884]]","[[-1.01081548e-05 -5.79581441e-05  0.00000000e+00]
 [-6.20445280e-04 -1.41370085e-04  0.00000000e+00]]","[[ 0.          0.          0.00063118]
 [ 0.          0.         -0.00021118]]","[[-7.93867140e-04  7.34705375e-05  0.00000000e+00]
 [ 2.28114101e-04  4.78166587e-04  0.00000000e+00]]","[[ 0.          0.         -0.00179985]
 [ 0.          0.         -0.00179765]]","[[9.92118885e-04 7.42546609e-04 0.00000000e+00]
 [6.41778489e-05 5.74360883e-04 0.00000000e+00]]","[[0.         0.         0.00078028]
 [0.         0.         0.00325969]]","[[-8.26722809e-04 -3.10782941e-04  0.00000000e+00]
 [ 3.74967820e-05 -1.61804782e-03  0.00000000e+00]]","[[ 0.          0.          0.00270956]
 [ 0.          0.         -0.00086427]]","[[ 0.00099721 -0.00219106  0.        ]
 [-0.0002888  -0.00075563  0.        ]]","[[ 0.          0.         -0.00536482]
 [ 0.          0.         -0.00805248]]","[[-0.00287105  0.0029107   0.        ]
 [-0.00375563  0.00673467  0.        ]]"
"[[0.00000000e+00 0.00000000e+00 2.55466079e-05]
 [0.00000000e+00 0.00000000e+00 2.45310932e-05]]","[[-7.71842836e-06 -4.14393181e-05  0.00000000e+00]
 [ 1.10414510e-04 -3.57130452e-05  0.00000000e+00]]","[[ 0.00000000e+00  0.00000000e+00 -8.44516981e-05]
 [ 0.00000000e+00  0.00000000e+00 -2.49931492e-04]]","[[ 2.41297140e-04 -9.78081587e-06  0.00000000e+00]
 [ 6.17106699e-05  3.14100072e-05  0.00000000e+00]]","[[ 0.00000000e+00  0.00000000e+00 -5.30935618e-05]
 [ 0.00000000e+00  0.00000000e+00  7.03261360e-04]]","[[-5.39583612e-04 -1.40990917e-05  0.00000000e+00]
 [-7.55350429e-04 -1.70696941e-04  0.00000000e+00]]","[[ 0.          0.          0.00089597]
 [ 0.          0.         -0.00056352]]","[[ 0.00022783 -0.00016285  0.        ]
 [ 0.00124913  0.00022798  0.        ]]","[[ 0.          0.         -0.00202204]
 [ 0.          0.         -0.00110094]]","[[ 0.00034732  0.00060848  0.        ]
 [-0.00151483  0.00035681  0.        ]]","[[0.         0.         0.00115467]
 [0.         0.         0.00194393]]","[[-0.00137923 -0.00033442  0.        ]
 [ 0.0007746  -0.0005989   0.        ]]","[[ 0.          0.          0.00089098]
 [ 0.          0.         -0.00040136]]","[[ 0.0019019  -0.00037423  0.        ]
 [ 0.00073962 -0.00026745  0.        ]]","[[ 0.          0.         -0.00187046]
 [ 0.          0.         -0.004214  ]]","[[-0.00123049  0.00038065  0.        ]
 [-0.00271426  0.00273167  0.        ]]"
"[[ 0.00000000e+00  0.00000000e+00 -5.71786957e-05]
 [ 0.00000000e+00  0.00000000e+00 -9.05541531e-05]]","[[ 1.56455838e-05  1.26310648e-05  0.00000000e+00]
 [ 1.67612991e-04 -1.89122845e-07  0.00000000e+00]]","[[ 0.          0.         -0.00017226]
 [ 0.          0.         -0.00010104]]","[[ 1.91442315e-04 -1.48962200e-05  0.00000000e+00]
 [-2.14741974e-04 -2.47117144e-05  0.00000000e+00]]","[[0.         0.         0.00029387]
 [0.         0.         0.00063794]]","[[-7.80447688e-04  4.56135729e-06  0.00000000e+00]
 [-3.78028062e-04  2.30388341e-05  0.00000000e+00]]","[[ 0.00000000e+00  0.00000000e+00  9.89371751e-05]
 [ 0.00000000e+00  0.00000000e+00 -9.93443026e-04]]","[[9.92532338e-04 8.23791622e-06 0.00000000e+00]
 [1.20192924e-03 3.25109113e-05 0.00000000e+00]]","[[ 0.          0.         -0.00092601]
 [ 0.          0.          0.00032861]]","[[-5.30962217e-04  2.83506710e-05  0.00000000e+00]
 [-1.78079584e-03 -1.13263618e-04  0.00000000e+00]]","[[ 0.00000000e+00  0.00000000e+00  7.08543157e-04]
 [ 0.00000000e+00  0.00000000e+00 -7.82931599e-05]]","[[-8.28419299e-04 -6.66039270e-05  0.00000000e+00]
 [ 9.13765782e-04  3.63117908e-04  0.00000000e+00]]","[[ 0.          0.         -0.00027709]
 [ 0.          0.          0.00032852]]","[[1.47794532e-03 5.53818616e-04 0.00000000e+00]
 [7.88508872e-04 9.99694908e-06 0.00000000e+00]]","[[ 0.          0.          0.00025868]
 [ 0.          0.         -0.00093405]]","[[-0.00039554 -0.00072337  0.        ]
 [-0.00156606 -0.00038247  0.        ]]"
